timestamp,value,volume
2025-03-11,1945.4,1650000.0
2025-03-10,1864.4,1340000.0
2025-03-09,2019.89,645580.0
2025-03-08,2203.59,352500.0
2025-03-07,2141.17,844510.0
2025-03-06,2202.39,636240.0
2025-03-05,2241.65,721810.0
2025-03-04,2170.29,1350000.0
2025-03-03,2149.11,1180000.0
2025-03-02,2518.17,1350000.0
2025-03-01,2217.53,480610.0
2025-02-28,2236.41,1390000.0
2025-02-27,2307.73,687340.0
2025-02-26,2337.98,933330.0
2025-02-25,2496.06,1440000.0
2025-02-24,2510.94,959090.0
2025-02-23,2819.69,655960.0
2025-02-22,2763.23,485010.0
2025-02-21,2662.35,974360.0
2025-02-20,2738.03,372950.0
2025-02-19,2716.16,362400.0
2025-02-18,2671.36,648950.0
2025-02-17,2743.47,696200.0
2025-02-16,2662.8,207060.0
2025-02-15,2693.4,216630.0
2025-02-14,2725.51,466760.0
2025-02-13,2675.3,496620.0
2025-02-12,2735.91,689450.0
2025-02-11,2603.11,521350.0
2025-02-10,2661.0,425460.0
2025-02-09,2628.27,423070.0
2025-02-08,2631.56,403820.0
2025-02-07,2622.81,745290.0
2025-02-06,2688.28,772850.0
2025-02-05,2785.62,731420.0
2025-02-04,2731.76,1330000.0
2025-02-03,2881.9,3000000.0
2025-02-02,2869.75,1170000.0
2025-02-01,3119.13,377660.0
2025-01-31,3298.69,700310.0
2025-01-30,3247.22,386530.0
2025-01-29,3113.26,449520.0
2025-01-28,3077.83,386370.0
2025-01-27,3179.47,819620.0
2025-01-26,3234.18,288830.0
2025-01-25,3318.14,225910.0
2025-01-24,3311.05,497870.0
2025-01-23,3338.37,672000.0
2025-01-22,3242.6,373500.0
2025-01-21,3328.3,597360.0
2025-01-20,3282.68,1260000.0
2025-01-19,3216.74,1440000.0
2025-01-18,3308.74,677720.0
2025-01-17,3472.84,574060.0
2025-01-16,3307.0,536740.0
2025-01-15,3450.79,527110.0
2025-01-14,3224.06,413870.0
2025-01-13,3137.73,952500.0
2025-01-12,3267.3,187610.0
2025-01-11,3283.57,170840.0
2025-01-10,3267.08,500730.0
2025-01-09,3218.15,543600.0
2025-01-08,3327.14,638460.0
2025-01-07,3380.56,589560.0
2025-01-06,3687.75,364630.0
2025-01-05,3635.11,170020.0
2025-01-04,3656.13,249810.0
2025-01-03,3608.79,367780.0
2025-01-02,3455.19,362320.0
2025-01-01,3360.14,209220.0
2024-12-31,3337.8,333440.0
2024-12-30,3361.99,494990.0
2024-12-29,3355.97,176430.0
2024-12-28,3404.59,196380.0
2024-12-27,3334.19,378000.0
2024-12-26,3335.96,360400.0
2024-12-25,3496.49,259250.0
2024-12-24,3493.31,352360.0
2024-12-23,3422.01,547740.0
2024-12-22,3281.58,400570.0
2024-12-21,3338.66,521990.0
2024-12-20,3474.01,1450000.0
2024-12-19,3418.84,1170000.0
2024-12-18,3627.88,781620.0
2024-12-17,3892.79,493600.0
2024-12-16,3986.91,726410.0
2024-12-15,3959.81,272400.0
2024-12-14,3871.13,287750.0
2024-12-13,3909.48,417740.0
2024-12-12,3881.63,634180.0
2024-12-11,3831.41,509730.0
2024-12-10,3628.94,1020000.0
2024-12-09,3718.98,1020000.0
2024-12-08,4002.91,273270.0
2024-12-07,3996.24,303070.0
2024-12-06,3999.51,864640.0
2024-12-05,3785.1,1050000.0
2024-12-04,3836.25,1060000.0
2024-12-03,3615.07,729650.0
2024-12-02,3643.48,799750.0
2024-12-01,3708.33,465310.0
2024-11-30,3702.97,563910.0
2024-11-29,3592.13,472940.0
2024-11-28,3578.41,613220.0
2024-11-27,3653.79,827390.0
2024-11-26,3326.3,729510.0
2024-11-25,3412.18,1020000.0
2024-11-24,3361.41,525450.0
2024-11-23,3393.91,785630.0
2024-11-22,3327.77,661770.0
2024-11-21,3356.43,1060000.0
2024-11-20,3069.72,550530.0
2024-11-19,3105.97,549160.0
2024-11-18,3207.46,698670.0
2024-11-17,3075.42,485170.0
2024-11-16,3132.0,456290.0
2024-11-15,3089.45,557270.0
2024-11-14,3058.22,661290.0
2024-11-13,3187.02,988070.0
2024-11-12,3242.44,1040000.0
2024-11-11,3372.13,1060000.0
2024-11-10,3186.05,925650.0
2024-11-09,3127.69,560620.0
2024-11-08,2961.34,598520.0
2024-11-07,2894.13,784350.0
2024-11-06,2721.85,1070000.0
2024-11-05,2422.5,365020.0
2024-11-04,2398.95,335810.0
2024-11-03,2457.68,305380.0
2024-11-02,2492.45,158360.0
2024-11-01,2511.96,463340.0
2024-10-31,2519.14,432070.0
2024-10-30,2658.62,494310.0
2024-10-29,2638.64,486720.0
2024-10-28,2567.41,393160.0
2024-10-27,2507.39,148630.0
2024-10-26,2482.52,265530.0
2024-10-25,2441.18,550790.0
2024-10-24,2535.87,312650.0
2024-10-23,2526.1,385150.0
2024-10-22,2621.79,293690.0
2024-10-21,2666.66,336970.0
2024-10-20,2747.28,280670.0
2024-10-19,2647.39,113680.0
2024-10-18,2641.72,315000.0
2024-10-17,2605.53,242980.0
2024-10-16,2611.09,280520.0
2024-10-15,2607.84,442580.0
2024-10-14,2630.54,474240.0
2024-10-13,2468.92,130460.0
2024-10-12,2476.48,150000.0
2024-10-11,2436.73,254870.0
2024-10-10,2385.4,288050.0
2024-10-09,2370.13,268060.0
2024-10-08,2440.93,221590.0
2024-10-07,2422.75,324830.0
2024-10-06,2440.33,120240.0
2024-10-05,2414.98,114500.0
2024-10-04,2414.43,263740.0
2024-10-03,2349.67,344360.0
2024-10-02,2365.57,343590.0
2024-10-01,2449.67,535540.0
2024-09-30,2603.48,308410.0
2024-09-29,2657.67,171030.0
2024-09-28,2675.71,145420.0
2024-09-27,2694.53,304780.0
2024-09-26,2632.05,311520.0
2024-09-25,2580.34,244760.0
2024-09-24,2652.5,330160.0
2024-09-23,2647.65,369370.0
2024-09-22,2582.35,233740.0
2024-09-21,2613.35,184260.0
2024-09-20,2561.79,411520.0
2024-09-19,2464.49,383180.0
2024-09-18,2372.18,346210.0
2024-09-17,2341.82,324970.0
2024-09-16,2295.72,385300.0
2024-09-15,2317.04,211270.0
2024-09-14,2417.56,154060.0
2024-09-13,2440.12,302560.0
2024-09-12,2361.79,249290.0
2024-09-11,2340.19,333290.0
2024-09-10,2387.71,263700.0
2024-09-09,2359.6,375740.0
2024-09-08,2296.19,233210.0
2024-09-07,2274.87,259550.0
2024-09-06,2225.72,723220.0
2024-09-05,2369.18,316780.0
2024-09-04,2450.18,422180.0
2024-09-03,2423.4,250970.0
2024-09-02,2538.35,299340.0
2024-09-01,2427.49,250520.0
2024-08-31,2513.56,115170.0
2024-08-30,2525.45,378490.0
2024-08-29,2528.72,270410.0
2024-08-28,2527.73,515140.0
2024-08-27,2457.99,477200.0
2024-08-26,2680.3,250080.0
2024-08-25,2747.99,175380.0
2024-08-24,2768.49,296760.0
2024-08-23,2762.86,456210.0
2024-08-22,2623.06,237740.0
2024-08-21,2630.67,303580.0
2024-08-20,2572.9,342510.0
2024-08-19,2637.1,252460.0
2024-08-18,2612.1,197890.0
2024-08-17,2614.35,104830.0
2024-08-16,2592.38,305130.0
2024-08-15,2569.44,387820.0
2024-08-14,2662.95,365550.0
2024-08-13,2702.95,351280.0
2024-08-12,2722.64,516790.0
2024-08-11,2553.57,319790.0
2024-08-10,2610.24,186390.0
2024-08-09,2598.9,443650.0
2024-08-08,2683.84,626930.0
2024-08-07,2337.83,671860.0
2024-08-06,2461.92,691590.0
2024-08-05,2415.99,2810000.0
2024-08-04,2688.55,543640.0
2024-08-03,2904.59,371140.0
2024-08-02,2990.32,415570.0
2024-08-01,3204.93,350330.0
2024-07-31,3231.84,255010.0
2024-07-30,3278.94,210280.0
2024-07-29,3318.24,340450.0
2024-07-28,3270.32,113090.0
2024-07-27,3247.06,247900.0
2024-07-26,3275.12,281130.0
2024-07-25,3175.52,524980.0
2024-07-24,3335.33,292510.0
2024-07-23,3482.54,521070.0
2024-07-22,3440.01,219410.0
2024-07-21,3535.55,230630.0
2024-07-20,3517.04,157770.0
2024-07-19,3504.42,317730.0
2024-07-18,3425.94,256500.0
2024-07-17,3387.81,312390.0
2024-07-16,3442.99,392520.0
2024-07-15,3484.78,329570.0
2024-07-14,3243.5,171440.0
2024-07-13,3175.1,125080.0
2024-07-12,3133.33,195630.0
2024-07-11,3099.82,299180.0
2024-07-10,3101.17,281440.0
2024-07-09,3065.11,292940.0
2024-07-08,3019.64,517870.0
2024-07-07,2930.48,194870.0
2024-07-06,3068.79,225180.0
2024-07-05,2981.4,940650.0
2024-07-04,3057.81,510410.0
2024-07-03,3295.13,356890.0
2024-07-02,3421.71,149310.0
2024-07-01,3442.67,241710.0
2024-06-30,3437.84,150940.0
2024-06-29,3378.6,95200.0
2024-06-28,3380.15,238050.0
2024-06-27,3450.45,217370.0
2024-06-26,3370.72,250140.0
2024-06-25,3395.03,275470.0
2024-06-24,3352.29,601350.0
2024-06-23,3420.84,191030.0
2024-06-22,3495.87,158470.0
2024-06-21,3518.03,392710.0
2024-06-20,3512.91,371290.0
2024-06-19,3561.3,346100.0
2024-06-18,3484.55,480080.0
2024-06-17,3511.52,356790.0
2024-06-16,3625.11,156550.0
2024-06-15,3568.72,256220.0
2024-06-14,3481.84,339900.0
2024-06-13,3470.15,316980.0
2024-06-12,3559.95,418360.0
2024-06-11,3498.0,477110.0
2024-06-10,3667.85,165290.0
2024-06-09,3706.32,108790.0
2024-06-08,3681.59,147950.0
2024-06-07,3678.37,384780.0
2024-06-06,3812.95,251820.0
2024-06-05,3865.14,288180.0
2024-06-04,3810.35,247960.0
2024-06-03,3767.1,262390.0
2024-06-02,3782.08,219620.0
2024-06-01,3815.95,143810.0
2024-05-31,3762.66,294560.0
2024-05-30,3747.55,293810.0
2024-05-29,3769.57,353250.0
2024-05-28,3845.56,436240.0
2024-05-27,3894.33,393850.0
2024-05-26,3826.02,313070.0
2024-05-25,3749.28,170390.0
2024-05-24,3728.21,514000.0
2024-05-23,3785.65,1190000.0
2024-05-22,3739.08,597460.0
2024-05-21,3790.46,1010000.0
2024-05-20,3661.07,899510.0
2024-05-19,3072.08,170990.0
2024-05-18,3122.87,205740.0
2024-05-17,3092.75,369550.0
2024-05-16,2944.99,306250.0
2024-05-15,3034.71,363900.0
2024-05-14,2881.99,279490.0
2024-05-13,2951.01,381300.0
2024-05-12,2929.35,111770.0
2024-05-11,2912.56,144620.0
2024-05-10,2909.86,355900.0
2024-05-09,3036.32,248780.0
2024-05-08,2974.94,283760.0
2024-05-07,3006.36,315010.0
2024-05-06,3062.03,377370.0
2024-05-05,3136.4,229160.0
2024-05-04,3117.23,205590.0
2024-05-03,3102.25,381950.0
2024-05-02,2987.12,387640.0
2024-05-01,2973.27,672370.0
2024-04-30,3014.41,591880.0
2024-04-29,3216.29,438130.0
2024-04-28,3261.69,318130.0
2024-04-27,3255.57,334660.0
2024-04-26,3130.9,263090.0
2024-04-25,3155.83,369130.0
2024-04-24,3141.03,409830.0
2024-04-23,3220.13,265420.0
2024-04-22,3200.62,306740.0
2024-04-21,3147.83,234070.0
2024-04-20,3156.63,256050.0
2024-04-19,3056.23,645650.0
2024-04-18,3064.48,423990.0
2024-04-17,2985.82,524880.0
2024-04-16,3083.43,560470.0
2024-04-15,3100.94,654920.0
2024-04-14,3152.65,799680.0
2024-04-13,3004.44,1060000.0
2024-04-12,3239.86,739630.0
2024-04-11,3502.55,349380.0
2024-04-10,3545.16,404410.0
2024-04-09,3506.96,482490.0
2024-04-08,3694.93,538850.0
2024-04-07,3454.17,217800.0
2024-04-06,3352.03,190080.0
2024-04-05,3317.84,359700.0
2024-04-04,3327.45,371230.0
2024-04-03,3310.62,426570.0
2024-04-02,3277.99,647130.0
2024-04-01,3502.82,422720.0
2024-03-31,3647.09,252380.0
2024-03-30,3506.83,224950.0
2024-03-29,3509.76,334490.0
2024-03-28,3559.43,416690.0
2024-03-27,3500.43,460870.0
2024-03-26,3587.5,520430.0
2024-03-25,3590.62,584660.0
2024-03-24,3455.33,270030.0
2024-03-23,3332.9,334860.0
2024-03-22,3334.12,589840.0
2024-03-21,3493.23,638790.0
2024-03-20,3514.73,1260000.0
2024-03-19,3165.2,1110000.0
2024-03-18,3520.3,588480.0
2024-03-17,3644.78,549290.0
2024-03-16,3523.68,567020.0
2024-03-15,3741.12,981710.0
2024-03-14,3883.94,672520.0
2024-03-13,4004.29,503460.0
2024-03-12,3979.3,685770.0
2024-03-11,4065.02,767300.0
2024-03-10,3878.47,372520.0
2024-03-09,3905.17,265430.0
2024-03-08,3883.2,686060.0
2024-03-07,3869.69,568320.0
2024-03-06,3814.56,1020000.0
2024-03-05,3556.03,1480000.0
2024-03-04,3626.34,769530.0
2024-03-03,3488.67,363550.0
2024-03-02,3420.64,296910.0
2024-03-01,3433.51,431980.0
2024-02-29,3339.26,802170.0
2024-02-28,3383.03,1010000.0
2024-02-27,3242.14,674560.0
2024-02-26,3175.94,582390.0
2024-02-25,3112.59,450780.0
2024-02-24,2992.29,251890.0
2024-02-23,2922.24,441330.0
2024-02-22,2972.46,595920.0
2024-02-21,2971.18,620510.0
2024-02-20,3015.38,674550.0
2024-02-19,2944.8,478680.0
2024-02-18,2880.1,391110.0
2024-02-17,2785.9,251970.0
2024-02-16,2801.8,401190.0
2024-02-15,2822.59,520700.0
2024-02-14,2775.12,491970.0
2024-02-13,2640.1,530990.0
2024-02-12,2657.87,477420.0
2024-02-11,2506.69,230910.0
2024-02-10,2500.28,194430.0
2024-02-09,2486.24,540920.0
2024-02-08,2419.56,350330.0
2024-02-07,2424.64,355400.0
2024-02-06,2372.65,381230.0
2024-02-05,2301.83,244980.0
2024-02-04,2289.78,180390.0
2024-02-03,2296.5,137800.0
2024-02-02,2309.28,246890.0
2024-02-01,2304.28,323610.0
2024-01-31,2283.14,408790.0
2024-01-30,2343.11,387120.0
2024-01-29,2317.79,318840.0
2024-01-28,2256.92,216930.0
2024-01-27,2267.91,151260.0
2024-01-26,2267.55,377790.0
2024-01-25,2217.71,344110.0
2024-01-24,2234.64,373250.0
2024-01-23,2243.74,750520.0
2024-01-22,2313.64,560840.0
2024-01-21,2457.06,126520.0
2024-01-20,2472.03,143980.0
2024-01-19,2491.81,443420.0
2024-01-18,2469.77,467220.0
2024-01-17,2531.26,380900.0
2024-01-16,2588.64,395070.0
2024-01-15,2511.94,332150.0
2024-01-14,2473.96,316450.0
2024-01-13,2578.36,436910.0
2024-01-12,2523.98,931960.0
2024-01-11,2618.08,889360.0
2024-01-10,2581.79,1120000.0
2024-01-09,2344.67,588190.0
2024-01-08,2330.98,565230.0
2024-01-07,2221.4,216410.0
2024-01-06,2240.49,202820.0
2024-01-05,2268.12,426010.0
2024-01-04,2267.27,467010.0
2024-01-03,2209.49,852010.0
2024-01-02,2355.27,491560.0
2024-01-01,2352.03,229280.0
2023-12-31,2281.9,232620.0
2023-12-30,2291.7,219920.0
2023-12-29,2299.24,475370.0
2023-12-28,2344.47,626910.0
2023-12-27,2378.63,577270.0
2023-12-26,2230.74,429500.0
2023-12-25,2271.38,298170.0
2023-12-24,2263.57,319330.0
2023-12-23,2308.61,266300.0
2023-12-22,2324.23,620730.0
2023-12-21,2239.62,471460.0
2023-12-20,2202.19,440350.0
2023-12-19,2177.44,400940.0
2023-12-18,2218.8,388260.0
2023-12-17,2197.04,233480.0
2023-12-16,2229.07,206790.0
2023-12-15,2220.41,349630.0
2023-12-14,2315.64,461600.0
2023-12-13,2260.18,436640.0
2023-12-12,2203.49,377050.0
2023-12-11,2225.34,678030.0
2023-12-10,2352.26,206780.0
2023-12-09,2340.55,304640.0
2023-12-08,2358.42,397410.0
2023-12-07,2355.8,518610.0
2023-12-06,2233.45,431570.0
2023-12-05,2293.34,561410.0
2023-12-04,2243.54,601450.0
2023-12-03,2192.79,279650.0
2023-12-02,2164.79,344200.0
2023-12-01,2087.21,402510.0
2023-11-30,2051.56,252490.0
2023-11-29,2028.99,269970.0
2023-11-28,2048.47,312940.0
2023-11-27,2027.51,354280.0
2023-11-26,2062.64,259790.0
2023-11-25,2083.09,154350.0
2023-11-24,2080.62,460970.0
2023-11-23,2061.92,264010.0
2023-11-22,2063.05,506350.0
2023-11-21,1934.62,527410.0
2023-11-20,2021.49,455230.0
2023-11-19,2011.01,269020.0
2023-11-18,1961.72,298880.0
2023-11-17,1960.8,430920.0
2023-11-16,1961.76,585120.0
2023-11-15,2058.93,455570.0
2023-11-14,1979.1,521220.0
2023-11-13,2054.18,578440.0
2023-11-12,2044.61,354640.0
2023-11-11,2053.42,405960.0
2023-11-10,2077.78,640310.0
2023-11-09,2120.16,1210000.0
2023-11-08,1889.29,265080.0
2023-11-07,1885.97,370100.0
2023-11-06,1900.98,359000.0
2023-11-05,1892.36,418910.0
2023-11-04,1855.72,190180.0
2023-11-03,1832.29,337000.0
2023-11-02,1800.27,398430.0
2023-11-01,1846.6,509010.0
2023-10-31,1815.13,279110.0
2023-10-30,1809.05,304470.0
2023-10-29,1794.96,156390.0
2023-10-28,1776.21,134100.0
2023-10-27,1779.54,298240.0
2023-10-26,1803.13,471170.0
2023-10-25,1787.0,389390.0
2023-10-24,1784.88,750210.0
2023-10-23,1763.75,672280.0
2023-10-22,1663.35,246680.0
2023-10-21,1628.94,188940.0
2023-10-20,1603.89,343610.0
2023-10-19,1566.79,238420.0
2023-10-18,1563.43,199430.0
2023-10-17,1564.99,250220.0
2023-10-16,1599.48,452690.0
2023-10-15,1557.66,128700.0
2023-10-14,1554.96,107260.0
2023-10-13,1552.17,208910.0
2023-10-12,1539.7,260590.0
2023-10-11,1566.88,279010.0
2023-10-10,1567.6,255410.0
2023-10-09,1579.74,372110.0
2023-10-08,1632.85,159270.0
2023-10-07,1633.58,107550.0
2023-10-06,1645.62,238240.0
2023-10-05,1611.58,253050.0
2023-10-04,1647.05,243080.0
2023-10-03,1656.88,216110.0
2023-10-02,1662.79,412810.0
2023-10-01,1732.89,245320.0
2023-09-30,1670.92,147600.0
2023-09-29,1667.72,273450.0
2023-09-28,1652.89,354030.0
2023-09-27,1598.49,307590.0
2023-09-26,1594.04,141610.0
2023-09-25,1588.62,191410.0
2023-09-24,1580.55,144300.0
2023-09-23,1593.89,69310.0
2023-09-22,1593.1,135120.0
2023-09-21,1584.03,264250.0
2023-09-20,1622.28,253880.0
2023-09-19,1643.08,201840.0
2023-09-18,1636.92,302350.0
2023-09-17,1622.65,127490.0
2023-09-16,1634.41,107110.0
2023-09-15,1641.31,194290.0
2023-09-14,1626.49,293640.0
2023-09-13,1607.63,238310.0
2023-09-12,1592.5,354590.0
2023-09-11,1551.89,444950.0
2023-09-10,1617.44,220970.0
2023-09-09,1635.56,63970.0
2023-09-08,1636.45,236380.0
2023-09-07,1648.09,243550.0
2023-09-06,1633.18,240730.0
2023-09-05,1634.46,219790.0
2023-09-04,1630.51,178250.0
2023-09-03,1635.85,124140.0
2023-09-02,1637.05,109030.0
2023-09-01,1629.0,319190.0
2023-08-31,1645.82,355270.0
2023-08-30,1705.22,218440.0
2023-08-29,1729.69,528630.0
2023-08-28,1653.22,229390.0
2023-08-27,1658.33,94200.0
2023-08-26,1647.05,84340.0
2023-08-25,1653.74,250860.0
2023-08-24,1660.89,246620.0
2023-08-23,1679.93,399710.0
2023-08-22,1634.29,424510.0
2023-08-21,1667.6,265910.0
2023-08-20,1685.24,205820.0
2023-08-19,1669.67,243310.0
2023-08-18,1661.26,572900.0
2023-08-17,1683.89,876700.0
2023-08-16,1807.81,217470.0
2023-08-15,1828.98,196600.0
2023-08-14,1845.51,158110.0
2023-08-13,1840.73,126510.0
2023-08-12,1849.94,66930.0
2023-08-11,1848.88,120550.0
2023-08-10,1852.46,134210.0
2023-08-09,1855.36,203580.0
2023-08-08,1856.24,253390.0
2023-08-07,1829.11,243920.0
2023-08-06,1830.28,100320.0
2023-08-05,1836.48,103080.0
2023-08-04,1830.24,199600.0
2023-08-03,1835.98,182560.0
2023-08-02,1840.21,272700.0
2023-08-01,1874.21,386290.0
2023-07-31,1856.17,177970.0
2023-07-30,1861.81,167770.0
2023-07-29,1880.55,79760.0
2023-07-28,1874.23,148920.0
2023-07-27,1861.32,176210.0
2023-07-26,1872.0,286610.0
2023-07-25,1857.67,161060.0
2023-07-24,1850.04,297130.0
2023-07-23,1888.85,164310.0
2023-07-22,1866.25,143130.0
2023-07-21,1891.75,176390.0
2023-07-20,1891.23,321920.0
2023-07-19,1888.65,244920.0
2023-07-18,1897.58,233000.0
2023-07-17,1911.24,293540.0
2023-07-16,1922.45,158590.0
2023-07-15,1931.42,145890.0
2023-07-14,1938.05,530860.0
2023-07-13,2004.77,588530.0
2023-07-12,1871.86,280910.0
2023-07-11,1878.33,191470.0
2023-07-10,1880.42,264830.0
2023-07-09,1862.91,145470.0
2023-07-08,1865.28,136690.0
2023-07-07,1870.92,249820.0
2023-07-06,1848.36,483000.0
2023-07-05,1910.43,284340.0
2023-07-04,1936.19,226100.0
2023-07-03,1955.56,346330.0
2023-07-02,1937.57,283610.0
2023-07-01,1924.53,189410.0
2023-06-30,1933.8,765420.0
2023-06-29,1851.92,256220.0
2023-06-28,1827.95,356710.0
2023-06-27,1889.51,386050.0
2023-06-26,1859.0,479760.0
2023-06-25,1898.8,356990.0
2023-06-24,1875.0,239370.0
2023-06-23,1891.97,428030.0
2023-06-22,1872.32,438750.0
2023-06-21,1889.87,653630.0
2023-06-20,1791.61,359770.0
2023-06-19,1737.06,263640.0
2023-06-18,1720.98,167460.0
2023-06-17,1727.79,227930.0
2023-06-16,1717.92,333350.0
2023-06-15,1666.96,397400.0
2023-06-14,1650.96,451130.0
2023-06-13,1739.6,303230.0
2023-06-12,1742.6,320470.0
2023-06-11,1752.8,232040.0
2023-06-10,1751.56,696590.0
2023-06-09,1840.41,215710.0
2023-06-08,1845.68,202780.0
2023-06-07,1832.1,454830.0
2023-06-06,1884.17,518570.0
2023-06-05,1811.2,588610.0
2023-06-04,1890.04,183070.0
2023-06-03,1892.05,157100.0
2023-06-02,1907.1,329160.0
2023-06-01,1861.77,286980.0
2023-05-31,1873.63,337870.0
2023-05-30,1900.59,288670.0
2023-05-29,1892.61,338070.0
2023-05-28,1908.35,401090.0
2023-05-27,1829.91,147460.0
2023-05-26,1827.8,290890.0
2023-05-25,1805.69,370600.0
2023-05-24,1799.91,441640.0
2023-05-23,1854.08,428050.0
2023-05-22,1817.19,250270.0
2023-05-21,1804.89,170050.0
2023-05-20,1819.68,134460.0
2023-05-19,1812.32,253500.0
2023-05-18,1800.99,311240.0
2023-05-17,1821.73,376260.0
2023-05-16,1823.98,325770.0
2023-05-15,1817.11,405840.0
2023-05-14,1799.36,229740.0
2023-05-13,1794.95,223650.0
2023-05-12,1807.31,598870.0
2023-05-11,1794.71,548420.0
2023-05-10,1840.92,685110.0
2023-05-09,1846.56,318790.0
2023-05-08,1847.48,667820.0
2023-05-07,1870.99,441650.0
2023-05-06,1896.48,658630.0
2023-05-05,1993.33,589050.0
2023-05-04,1877.06,372690.0
2023-05-03,1904.74,489660.0
2023-05-02,1869.74,391270.0
2023-05-01,1830.75,475920.0
2023-04-30,1868.88,377710.0
2023-04-29,1907.8,193470.0
2023-04-28,1891.14,408450.0
2023-04-27,1908.81,771480.0
2023-04-26,1866.05,958230.0
2023-04-25,1865.95,491980.0
2023-04-24,1841.88,480280.0
2023-04-23,1862.05,368770.0
2023-04-22,1873.95,351720.0
2023-04-21,1849.81,769940.0
2023-04-20,1942.72,665650.0
2023-04-19,1935.97,855360.0
2023-04-18,2103.34,437100.0
2023-04-17,2074.74,448140.0
2023-04-16,2119.29,342430.0
2023-04-15,2090.59,340600.0
2023-04-14,2099.98,957030.0
2023-04-13,2012.11,721560.0
2023-04-12,1916.58,669430.0
2023-04-11,1889.86,428260.0
2023-04-10,1910.36,457410.0
2023-04-09,1858.9,306400.0
2023-04-08,1848.93,207670.0
2023-04-07,1863.46,298770.0
2023-04-06,1872.35,420800.0
2023-04-05,1908.96,583840.0
2023-04-04,1870.52,658370.0
2023-04-03,1810.77,657580.0
2023-04-02,1795.01,334840.0
2023-04-01,1820.78,283390.0
2023-03-31,1821.62,579010.0
2023-03-30,1793.59,607740.0
2023-03-29,1793.27,564930.0
2023-03-28,1772.63,561330.0
2023-03-27,1714.65,607000.0
2023-03-26,1774.06,371970.0
2023-03-25,1742.34,368840.0
2023-03-24,1749.26,602300.0
2023-03-23,1814.08,767730.0
2023-03-22,1734.48,933240.0
2023-03-21,1803.54,779810.0
2023-03-20,1732.31,716260.0
2023-03-19,1779.47,574730.0
2023-03-18,1758.7,763060.0
2023-03-17,1789.38,975130.0
2023-03-16,1673.85,660140.0
2023-03-15,1649.65,1020000.0
2023-03-14,1700.15,1360000.0
2023-03-13,1673.93,1300000.0
2023-03-12,1580.24,1060000.0
2023-03-11,1471.15,1430000.0
2023-03-10,1426.75,1010000.0
2023-03-09,1438.5,764770.0
2023-03-08,1533.04,478440.0
2023-03-07,1561.78,460100.0
2023-03-06,1565.84,322160.0
2023-03-05,1564.37,313010.0
2023-03-04,1566.73,247020.0
2023-03-03,1568.89,783740.0
2023-03-02,1647.38,440630.0
2023-03-01,1666.09,497120.0
2023-02-28,1604.69,411490.0
2023-02-27,1633.66,458530.0
2023-02-26,1641.6,326580.0
2023-02-25,1594.66,309290.0
2023-02-24,1608.24,548070.0
2023-02-23,1650.52,529750.0
2023-02-22,1643.39,560400.0
2023-02-21,1659.41,554520.0
2023-02-20,1703.27,478590.0
2023-02-19,1681.52,427000.0
2023-02-18,1691.62,283510.0
2023-02-17,1693.96,617210.0
2023-02-16,1640.66,894270.0
2023-02-15,1675.43,627070.0
2023-02-14,1555.46,705280.0
2023-02-13,1505.84,681850.0
2023-02-12,1515.44,302730.0
2023-02-11,1538.34,306240.0
2023-02-10,1513.82,523330.0
2023-02-09,1545.35,702210.0
2023-02-08,1650.99,447570.0
2023-02-07,1671.4,481910.0
2023-02-06,1613.72,401030.0
2023-02-05,1629.44,435140.0
2023-02-04,1666.9,328660.0
2023-02-03,1663.79,489790.0
2023-02-02,1641.71,685270.0
2023-02-01,1642.1,505440.0
2023-01-31,1585.27,368940.0
2023-01-30,1566.5,630550.0
2023-01-29,1645.97,595670.0
2023-01-28,1573.07,332620.0
2023-01-27,1597.6,533750.0
2023-01-26,1602.55,552260.0
2023-01-25,1611.2,681590.0
2023-01-24,1556.15,493470.0
2023-01-23,1626.53,436570.0
2023-01-22,1627.03,456360.0
2023-01-21,1625.53,523340.0
2023-01-20,1659.98,472150.0
2023-01-19,1551.62,329040.0
2023-01-18,1511.31,801710.0
2023-01-17,1564.67,536730.0
2023-01-16,1576.94,617000.0
2023-01-15,1552.69,411430.0
2023-01-14,1550.02,1030000.0
2023-01-13,1450.86,552050.0
2023-01-12,1416.08,960620.0
2023-01-11,1389.84,509990.0
2023-01-10,1335.13,487240.0
2023-01-09,1320.51,629220.0
2023-01-08,1288.38,231750.0
2023-01-07,1263.9,141940.0
2023-01-06,1269.14,369540.0
2023-01-05,1250.95,289490.0
2023-01-04,1256.92,504280.0
2023-01-03,1214.57,219980.0
2023-01-02,1213.93,270720.0
2023-01-01,1200.52,126620.0
2022-12-31,1195.67,150200.0
2022-12-30,1199.8,285770.0
2022-12-29,1200.84,272590.0
2022-12-28,1189.98,407450.0
2022-12-27,1211.6,290020.0
2022-12-26,1227.65,177660.0
2022-12-25,1218.69,256520.0
2022-12-24,1220.46,131510.0
2022-12-23,1220.03,301170.0
2022-12-22,1217.57,383630.0
2022-12-21,1213.85,269180.0
2022-12-20,1217.2,497610.0
2022-12-19,1167.8,337020.0
2022-12-18,1182.7,272630.0
2022-12-17,1187.18,363230.0
2022-12-16,1166.7,829230.0
2022-12-15,1266.32,446340.0
2022-12-14,1307.3,614310.0
2022-12-13,1320.76,717710.0
2022-12-12,1275.02,395620.0
2022-12-11,1263.42,192460.0
2022-12-10,1266.62,193320.0
2022-12-09,1262.86,437550.0
2022-12-08,1280.29,447070.0
2022-12-07,1231.04,422120.0
2022-12-06,1271.26,342160.0
2022-12-05,1259.56,430540.0
2022-12-04,1279.74,344960.0
2022-12-03,1240.46,373790.0
2022-12-02,1295.69,393370.0
2022-12-01,1276.05,453590.0
2022-11-30,1294.41,858510.0
2022-11-29,1216.55,549930.0
2022-11-28,1167.73,518170.0
2022-11-27,1193.38,306640.0
2022-11-26,1205.15,413090.0
2022-11-25,1198.12,426960.0
2022-11-24,1203.77,544830.0
2022-11-23,1185.79,688960.0
2022-11-22,1139.74,815180.0
2022-11-21,1107.46,981810.0
2022-11-20,1142.88,564890.0
2022-11-19,1217.65,225460.0
2022-11-18,1207.31,388690.0
2022-11-17,1205.17,567610.0
2022-11-16,1206.16,705310.0
2022-11-15,1253.45,686180.0
2022-11-14,1242.64,1010000.0
2022-11-13,1221.47,597250.0
2022-11-12,1256.29,602580.0
2022-11-11,1288.63,1450000.0
2022-11-10,1299.15,2190000.0
2022-11-09,1100.84,2920000.0
2022-11-08,1335.25,2870000.0
2022-11-07,1567.57,719300.0
2022-11-06,1570.86,464260.0
2022-11-05,1627.07,404020.0
2022-11-04,1645.01,1070000.0
2022-11-03,1531.08,631900.0
2022-11-02,1519.04,1140000.0
2022-11-01,1579.64,593310.0
2022-10-31,1572.89,938650.0
2022-10-30,1590.47,542490.0
2022-10-29,1619.69,1050000.0
2022-10-28,1554.47,966350.0
2022-10-27,1514.19,1020000.0
2022-10-26,1566.16,1430000.0
2022-10-25,1459.6,1280000.0
2022-10-24,1343.88,665580.0
2022-10-23,1363.92,473610.0
2022-10-22,1313.64,244200.0
2022-10-21,1299.76,525540.0
2022-10-20,1282.87,483190.0
2022-10-19,1285.32,406740.0
2022-10-18,1310.81,625850.0
2022-10-17,1331.12,498150.0
2022-10-16,1305.95,333150.0
2022-10-15,1274.57,321110.0
2022-10-14,1296.74,734030.0
2022-10-13,1287.34,1090000.0
2022-10-12,1294.57,418570.0
2022-10-11,1279.97,498630.0
2022-10-10,1290.04,451440.0
2022-10-09,1323.41,210500.0
2022-10-08,1315.05,227700.0
2022-10-07,1330.99,574760.0
2022-10-06,1352.27,680650.0
2022-10-05,1352.07,564420.0
2022-10-04,1361.48,550050.0
2022-10-03,1323.41,604190.0
2022-10-02,1275.74,432450.0
2022-10-01,1311.8,293020.0
2022-09-30,1328.73,866630.0
2022-09-29,1336.08,871660.0
2022-09-28,1337.37,1080000.0
2022-09-27,1328.23,1000000.0
2022-09-26,1337.06,1050000.0
2022-09-25,1294.26,579090.0
2022-09-24,1317.0,559420.0
2022-09-23,1327.96,1160000.0
2022-09-22,1326.44,1110000.0
2022-09-21,1247.74,1390000.0
2022-09-20,1323.33,765140.0
2022-09-19,1376.0,1110000.0
2022-09-18,1335.01,934280.0
2022-09-17,1468.79,483780.0
2022-09-16,1434.01,829010.0
2022-09-15,1472.64,1660000.0
2022-09-14,1637.92,858280.0
2022-09-13,1574.47,1300000.0
2022-09-12,1716.42,727780.0
2022-09-11,1766.93,467420.0
2022-09-10,1774.38,470190.0
2022-09-09,1718.81,969870.0
2022-09-08,1634.85,772840.0
2022-09-07,1629.51,976590.0
2022-09-06,1557.85,1180000.0
2022-09-05,1617.07,571750.0
2022-09-04,1578.89,339060.0
2022-09-03,1557.55,378790.0
2022-09-02,1575.34,1040000.0
2022-09-01,1585.48,823900.0
2022-08-31,1555.12,1070000.0
2022-08-30,1523.34,1140000.0
2022-08-29,1552.6,931760.0
2022-08-28,1426.25,633350.0
2022-08-27,1490.83,866820.0
2022-08-26,1508.08,1340000.0
2022-08-25,1695.37,677670.0
2022-08-24,1656.64,827200.0
2022-08-23,1664.89,1050000.0
2022-08-22,1626.75,1040000.0
2022-08-21,1618.25,852070.0
2022-08-20,1575.6,1010000.0
2022-08-19,1609.48,1590000.0
2022-08-18,1846.51,675270.0
2022-08-17,1834.18,1100000.0
2022-08-16,1876.7,725780.0
2022-08-15,1900.25,1090000.0
2022-08-14,1935.1,662150.0
2022-08-13,1983.5,798080.0
2022-08-12,1957.63,834690.0
2022-08-11,1880.28,1310000.0
2022-08-10,1853.46,1520000.0
2022-08-09,1702.8,960580.0
2022-08-08,1778.42,951020.0
2022-08-07,1700.29,530480.0
2022-08-06,1690.27,696110.0
2022-08-05,1737.71,1210000.0
2022-08-04,1606.94,881560.0
2022-08-03,1618.08,906080.0
2022-08-02,1631.48,1250000.0
2022-08-01,1630.1,959530.0
2022-07-31,1680.0,822230.0
2022-07-30,1695.97,891420.0
2022-07-29,1720.77,1440000.0
2022-07-28,1726.01,1870000.0
2022-07-27,1636.01,1800000.0
2022-07-26,1450.7,1420000.0
2022-07-25,1438.52,1650000.0
2022-07-24,1598.19,1180000.0
2022-07-23,1549.61,1030000.0
2022-07-22,1534.85,1430000.0
2022-07-21,1575.68,1550000.0
2022-07-20,1520.64,1650000.0
2022-07-19,1543.5,2180000.0
2022-07-18,1584.77,2370000.0
2022-07-17,1337.85,1410000.0
2022-07-16,1356.08,1770000.0
2022-07-15,1231.03,1740000.0
2022-07-14,1192.75,1860000.0
2022-07-13,1115.83,2480000.0
2022-07-12,1038.56,1490000.0
2022-07-11,1096.43,1340000.0
2022-07-10,1167.35,1120000.0
2022-07-09,1216.94,644470.0
2022-07-08,1216.33,1450000.0
2022-07-07,1238.15,1180000.0
2022-07-06,1186.45,1420000.0
2022-07-05,1133.9,1590000.0
2022-07-04,1151.19,1350000.0
2022-07-03,1074.08,755270.0
2022-07-02,1066.6,865060.0
2022-07-01,1058.94,1890000.0
2022-06-30,1069.05,1710000.0
2022-06-29,1099.51,1540000.0
2022-06-28,1143.97,1320000.0
2022-06-27,1190.84,1070000.0
2022-06-26,1198.03,1130000.0
2022-06-25,1241.76,1030000.0
2022-06-24,1225.03,1660000.0
2022-06-23,1144.19,1570000.0
2022-06-22,1049.02,1580000.0
2022-06-21,1125.96,1600000.0
2022-06-20,1128.32,2040000.0
2022-06-19,1128.39,2420000.0
2022-06-18,995.61,2770000.0
2022-06-17,1086.47,1450000.0
2022-06-16,1068.49,1760000.0
2022-06-15,1237.92,3730000.0
2022-06-14,1210.84,3270000.0
2022-06-13,1206.67,4390000.0
2022-06-12,1435.46,1820000.0
2022-06-11,1531.42,1440000.0
2022-06-10,1663.02,1130000.0
2022-06-09,1788.06,625760.0
2022-06-08,1793.0,1090000.0
2022-06-07,1813.72,1640000.0
2022-06-06,1859.99,939370.0
2022-06-05,1806.71,437730.0
2022-06-04,1804.37,442100.0
2022-06-03,1775.29,884530.0
2022-06-02,1834.64,975530.0
2022-06-01,1818.07,1290000.0
2022-05-31,1941.79,933240.0
2022-05-30,1998.46,1040000.0
2022-05-29,1813.56,554580.0
2022-05-28,1792.68,658230.0
2022-05-27,1724.3,1570000.0
2022-05-26,1793.42,1420000.0
2022-05-25,1942.91,639930.0
2022-05-24,1979.35,620410.0
2022-05-23,1972.93,738090.0
2022-05-22,2043.19,425980.0
2022-05-21,1975.12,292470.0
2022-05-20,1959.85,699690.0
2022-05-19,2019.34,858970.0
2022-05-18,1912.12,751820.0
2022-05-17,2091.14,736630.0
2022-05-16,2022.93,950850.0
2022-05-15,2145.86,589770.0
2022-05-14,2056.3,656940.0
2022-05-13,2009.53,1340000.0
2022-05-12,1955.36,2840000.0
2022-05-11,2080.79,2700000.0
2022-05-10,2342.3,1950000.0
2022-05-09,2229.1,1930000.0
2022-05-08,2519.98,925400.0
2022-05-07,2636.03,458050.0
2022-05-06,2692.88,881180.0
2022-05-05,2747.46,899820.0
2022-05-04,2940.7,662070.0
2022-05-03,2781.47,447800.0
2022-05-02,2856.01,617740.0
2022-05-01,2825.8,512010.0
2022-04-30,2727.18,430980.0
2022-04-29,2816.66,629560.0
2022-04-28,2937.01,726030.0
2022-04-27,2888.99,602240.0
2022-04-26,2810.42,694460.0
2022-04-25,3006.04,807690.0
2022-04-24,2922.03,269290.0
2022-04-23,2931.9,227070.0
2022-04-22,2963.0,544890.0
2022-04-21,2983.95,675440.0
2022-04-20,3076.38,512720.0
2022-04-19,3102.01,427140.0
2022-04-18,3055.64,681760.0
2022-04-17,2989.05,311540.0
2022-04-16,3058.96,245470.0
2022-04-15,3042.01,309950.0
2022-04-14,3021.93,546540.0
2022-04-13,3116.92,563890.0
2022-04-12,3027.25,790540.0
2022-04-11,2978.29,876670.0
2022-04-10,3201.84,327860.0
2022-04-09,3259.35,283240.0
2022-04-08,3193.93,654820.0
2022-04-07,3228.84,569390.0
2022-04-06,3169.58,950590.0
2022-04-05,3406.78,500270.0
2022-04-04,3520.41,547680.0
2022-04-03,3521.1,473540.0
2022-04-02,3442.34,629290.0
2022-04-01,3456.18,649920.0
2022-03-31,3282.35,545440.0
2022-03-30,3385.64,425380.0
2022-03-29,3401.89,570030.0
2022-03-28,3329.38,628910.0
2022-03-27,3297.04,402020.0
2022-03-26,3146.01,244280.0
2022-03-25,3103.51,583250.0
2022-03-24,3109.25,699580.0
2022-03-23,3036.12,536630.0
2022-03-22,2969.64,716470.0
2022-03-21,2891.63,546610.0
2022-03-20,2861.69,436110.0
2022-03-19,2949.92,392640.0
2022-03-18,2939.76,1590000000.0
2022-03-17,2812.29,1060000000.0
2022-03-16,2773.94,1790000000.0
2022-03-15,2617.43,1190000000.0
2022-03-14,2589.3,991820000.0
2022-03-13,2516.75,811550000.0
2022-03-12,2569.8,567250000.0
2022-03-11,2556.96,1280000000.0
2022-03-10,2606.5,1460000000.0
2022-03-09,2726.94,1520000000.0
2022-03-08,2577.21,1440000000.0
2022-03-07,2492.53,1580000000.0
2022-03-06,2549.4,881090000.0
2022-03-05,2665.42,709870000.0
2022-03-04,2622.15,1500000000.0
2022-03-03,2834.91,521360.0
2022-03-02,2947.14,740370.0
2022-03-01,2975.81,828620.0
2022-02-28,2922.5,899190.0
2022-02-27,2616.34,804740.0
2022-02-26,2776.96,520440.0
2022-02-25,2767.53,828870.0
2022-02-24,2596.52,1850000.0
2022-02-23,2578.15,636500.0
2022-02-22,2636.13,841130.0
2022-02-21,2569.87,996710.0
2022-02-20,2619.32,508490.0
2022-02-19,2763.81,377080.0
2022-02-18,2779.56,623190.0
2022-02-17,2894.03,661980.0
2022-02-16,3118.9,416700.0
2022-02-15,3182.27,540040.0
2022-02-14,2929.31,477240.0
2022-02-13,2870.25,303120.0
2022-02-12,2917.1,433290.0
2022-02-11,2927.63,607930.0
2022-02-10,3071.83,742540.0
2022-02-09,3243.62,477820.0
2022-02-08,3115.88,664450.0
2022-02-07,3140.18,568420.0
2022-02-06,3056.2,316580.0
2022-02-05,3013.81,473620.0
2022-02-04,2994.99,908750.0
2022-02-03,2692.8,549270.0
2022-02-02,2681.0,602400.0
2022-02-01,2787.16,521740.0
2022-01-31,2686.82,601730.0
2022-01-30,2602.77,381840.0
2022-01-29,2600.02,484180.0
2022-01-28,2545.95,634500.0
2022-01-27,2424.66,774540.0
2022-01-26,2461.41,1050000.0
2022-01-25,2458.07,656030.0
2022-01-24,2441.01,1560000.0
2022-01-23,2540.81,766830.0
2022-01-22,2412.52,1480000.0
2022-01-21,2571.29,1420000.0
2022-01-20,3004.72,481080.0
2022-01-19,3083.65,459810.0
2022-01-18,3160.15,399190.0
2022-01-17,3209.35,375280.0
2022-01-16,3346.59,295680.0
2022-01-15,3327.74,292100.0
2022-01-14,3307.9,415180.0
2022-01-13,3238.03,462810.0
2022-01-12,3370.89,530960.0
2022-01-11,3237.89,505210.0
2022-01-10,3085.43,804380.0
2022-01-09,3150.3,415870.0
2022-01-08,3080.02,566060.0
2022-01-07,3195.31,979250.0
2022-01-06,3407.77,701890.0
2022-01-05,3535.86,582710.0
2022-01-04,3789.52,415810.0
2022-01-03,3764.24,338510.0
2022-01-02,3830.67,242550.0
2022-01-01,3765.67,239540.0
2021-12-31,3677.85,405650.0
2021-12-30,3709.57,355720.0
2021-12-29,3627.93,456030.0
2021-12-28,3791.69,527230.0
2021-12-27,4036.24,313320.0
2021-12-26,4061.27,283580.0
2021-12-25,4093.14,308530.0
2021-12-24,4043.39,353850.0
2021-12-23,4110.14,573180.0
2021-12-22,3979.54,426430.0
2021-12-21,4016.59,496710.0
2021-12-20,3938.8,531110.0
2021-12-19,3925.34,442490.0
2021-12-18,3959.83,475860.0
2021-12-17,3878.29,654900.0
2021-12-16,3956.62,512120.0
2021-12-15,4019.24,821220.0
2021-12-14,3861.55,577610.0
2021-12-13,3781.94,891670.0
2021-12-12,4131.78,360450.0
2021-12-11,4075.66,581260.0
2021-12-10,3903.48,798120.0
2021-12-09,4107.69,642170.0
2021-12-08,4435.74,574330.0
2021-12-07,4307.08,550780.0
2021-12-06,4353.31,993790.0
2021-12-05,4194.8,707690.0
2021-12-04,4123.46,1520000.0
2021-12-03,4219.3,942770.0
2021-12-02,4512.9,608070.0
2021-12-01,4583.28,669180.0
2021-11-30,4628.9,973460.0
2021-11-29,4443.22,532660.0
2021-11-28,4296.98,487530.0
2021-11-27,4094.8,370730.0
2021-11-26,4034.53,1000000.0
2021-11-25,4520.3,578650.0
2021-11-24,4273.54,595960.0
2021-11-23,4340.23,684350.0
2021-11-22,4086.95,717080.0
2021-11-21,4268.08,446230.0
2021-11-20,4408.85,462990.0
2021-11-19,4295.43,571960.0
2021-11-18,4001.87,792380.0
2021-11-17,4290.88,664940.0
2021-11-16,4208.16,1120000.0
2021-11-15,4562.98,495960.0
2021-11-14,4625.59,340960.0
2021-11-13,4644.61,290270.0
2021-11-12,4667.31,634590.0
2021-11-11,4720.87,418610.0
2021-11-10,4634.03,761900.0
2021-11-09,4731.83,437410.0
2021-11-08,4808.38,673210.0
2021-11-07,4612.06,337810.0
2021-11-06,4517.36,442600.0
2021-11-05,4475.0,409750.0
2021-11-04,4535.11,495860.0
2021-11-03,4602.21,634680.0
2021-11-02,4586.06,630260.0
2021-11-01,4320.85,574260.0
2021-10-31,4287.56,555320.0
2021-10-30,4320.65,494870.0
2021-10-29,4413.7,781570.0
2021-10-28,4284.9,865800.0
2021-10-27,3921.93,1070000.0
2021-10-26,4129.51,559290.0
2021-10-25,4219.92,481410.0
2021-10-24,4082.8,507630.0
2021-10-23,4168.85,487030.0
2021-10-22,3970.94,654770.0
2021-10-21,4054.16,1140000.0
2021-10-20,4159.89,752030.0
2021-10-19,3876.78,488600.0
2021-10-18,3747.6,578210.0
2021-10-17,3845.47,543520.0
2021-10-16,3827.55,527610.0
2021-10-15,3866.9,721140.0
2021-10-14,3790.41,697090.0
2021-10-13,3607.28,557180.0
2021-10-12,3489.9,609890.0
2021-10-11,3545.06,683240.0
2021-10-10,3415.03,767490.0
2021-10-09,3574.2,464110.0
2021-10-08,3559.42,681740.0
2021-10-07,3586.0,826290.0
2021-10-06,3575.41,1050000.0
2021-10-05,3517.26,663880.0
2021-10-04,3382.9,826830.0
2021-10-03,3417.34,642590.0
2021-10-02,3388.97,778150.0
2021-10-01,3309.13,1140000.0
2021-09-30,3000.59,968230.0
2021-09-29,2851.5,728860.0
2021-09-28,2807.28,896280.0
2021-09-27,2926.24,865300.0
2021-09-26,3063.51,1330000.0
2021-09-25,2922.55,975490.0
2021-09-24,2928.57,1740000.0
2021-09-23,3152.92,841540.0
2021-09-22,3077.78,1190000.0
2021-09-21,2761.52,1790000.0
2021-09-20,2976.05,1720000.0
2021-09-19,3329.12,614000.0
2021-09-18,3435.97,600190.0
2021-09-17,3398.65,748100.0
2021-09-16,3569.43,195790.0
2021-09-15,3611.9,790270.0
2021-09-14,3428.87,720340.0
2021-09-13,3284.52,1340000.0
2021-09-12,3408.28,805970.0
2021-09-11,3267.33,732950.0
2021-09-10,3207.27,1210000.0
2021-09-09,3423.51,1090000.0
2021-09-08,3495.1,780680.0
2021-09-07,3423.12,2470000.0
2021-09-06,3927.21,764560.0
2021-09-05,3950.62,714160.0
2021-09-04,3884.97,672530.0
2021-09-03,3936.29,1200000.0
2021-09-02,3786.19,928700.0
2021-09-01,3832.73,1480000.0
2021-08-31,3430.74,1520000.0
2021-08-30,3225.67,966580.0
2021-08-29,3222.16,643730.0
2021-08-28,3243.9,466210.0
2021-08-27,3273.58,839540.0
2021-08-26,3093.54,118440.0
2021-08-25,3228.15,923130.0
2021-08-24,3173.26,988820.0
2021-08-23,3319.49,1090000.0
2021-08-22,3238.7,747650.0
2021-08-21,3223.96,768740.0
2021-08-20,3284.21,739320.0
2021-08-19,3184.82,844130.0
2021-08-18,3016.91,750740.0
2021-08-17,3014.58,1060000.0
2021-08-16,3147.65,859090.0
2021-08-15,3308.87,782810.0
2021-08-14,3264.69,658600.0
2021-08-13,3322.43,795540.0
2021-08-12,3043.61,965630.0
2021-08-11,3163.66,950120.0
2021-08-10,3140.71,1120000.0
2021-08-09,3162.93,1440000.0
2021-08-08,3012.07,1250000.0
2021-08-07,3158.0,64840.0
2021-08-06,2889.43,1060000.0
2021-08-05,2827.21,1650000.0
2021-08-04,2725.29,1230000.0
2021-08-03,2506.65,158450.0
2021-08-02,2608.04,970670.0
2021-08-01,2556.23,1200000.0
2021-07-31,2532.19,507080.0
2021-07-30,2460.95,1030000.0
2021-07-29,2380.93,642750.0
2021-07-28,2299.11,968940.0
2021-07-27,2300.22,1250000.0
2021-07-26,2229.53,1890000.0
2021-07-25,2189.79,786940.0
2021-07-24,2151.85,907110.0
2021-07-23,2123.61,961670.0
2021-07-22,2024.58,1020000.0
2021-07-21,1994.49,1510000.0
2021-07-20,1786.07,1200000.0
2021-07-19,1818.07,802780.0
2021-07-18,1892.42,829770.0
2021-07-17,1897.98,623520.0
2021-07-16,1878.2,619620.0
2021-07-15,1917.21,645060.0
2021-07-14,1994.64,1050000.0
2021-07-13,1940.72,717850.0
2021-07-12,2035.09,540100.0
2021-07-11,2139.35,724840.0
2021-07-10,2111.12,929320.0
2021-07-09,2145.89,1420000.0
2021-07-08,2120.22,1820000.0
2021-07-07,2316.57,1320000.0
2021-07-06,2322.72,1780000.0
2021-07-05,2196.16,822950.0
2021-07-04,2323.22,1390000.0
2021-07-03,2224.7,1280000.0
2021-07-02,2154.78,1390000.0
2021-07-01,2109.11,1710000.0
2021-06-30,2273.84,1900000.0
2021-06-29,2158.71,898060.0
2021-06-28,2083.09,2190000.0
2021-06-27,1979.88,1870000.0
2021-06-26,1830.62,1990000.0
2021-06-25,1810.57,1650000.0
2021-06-24,1989.14,1640000.0
2021-06-23,1968.39,1770000.0
2021-06-22,1876.66,2840000.0
2021-06-21,1891.18,2690000.0
2021-06-20,2243.86,1420000.0
2021-06-19,2166.91,1080000.0
2021-06-18,2229.53,778790.0
2021-06-17,2371.62,1060000.0
2021-06-16,2367.28,1370000.0
2021-06-15,2543.83,1950000.0
2021-06-14,2581.48,1790000.0
2021-06-13,2508.27,1620000.0
2021-06-12,2368.47,1800000.0
2021-06-11,2351.45,587180.0
2021-06-10,2469.97,1290000.0
2021-06-09,2606.23,2320000.0
2021-06-08,2510.65,75180.0
2021-06-07,2592.63,3010000.0
2021-06-06,2713.66,756360.0
2021-06-05,2628.98,2550000.0
2021-06-04,2686.5,2470000.0
2021-06-03,2853.35,1090000.0
2021-06-02,2706.1,2600000.0
2021-06-01,2633.67,2450000.0
2021-05-31,2708.47,2830000.0
2021-05-30,2386.1,2800000.0
2021-05-29,2276.07,2940000.0
2021-05-28,2414.29,3260000.0
2021-05-27,2735.88,2390000.0
2021-05-26,2884.66,2660000.0
2021-05-25,2705.09,3280000.0
2021-05-24,2646.79,3240000.0
2021-05-23,2101.34,3520000.0
2021-05-22,2291.6,2820000.0
2021-05-21,2433.11,4230000.0
2021-05-20,2777.55,4330000.0
2021-05-19,2435.69,6420000.0
2021-05-18,3377.55,2300000.0
2021-05-17,3279.68,2850000.0
2021-05-16,3582.12,2280000.0
2021-05-15,3641.65,1940000.0
2021-05-14,4075.38,2060000.0
2021-05-13,3719.62,3210000.0
2021-05-12,3811.77,2780000.0
2021-05-11,4167.78,1270000.0
2021-05-10,3947.9,2700000.0
2021-05-09,3922.23,1940000.0
2021-05-08,3905.55,1340000.0
2021-05-07,3481.22,1350000.0
2021-05-06,3489.52,1510000.0
2021-05-05,3522.76,1870000.0
2021-05-04,3286.71,2740000.0
2021-05-03,3429.37,2320000.0
2021-05-02,2950.33,1300000.0
2021-05-01,2944.66,1510000.0
2021-04-30,2772.78,1520000.0
2021-04-29,2757.36,1650000.0
2021-04-28,2746.54,1740000.0
2021-04-27,2665.24,1450000.0
2021-04-26,2533.12,1790000.0
2021-04-25,2316.48,1020000.0
2021-04-24,2215.93,1610000.0
2021-04-23,2367.31,3460000.0
2021-04-22,2401.1,3170000.0
2021-04-21,2360.81,2100000.0
2021-04-20,2332.14,1860000.0
2021-04-19,2160.63,1900000.0
2021-04-18,2237.17,2760000.0
2021-04-17,2318.33,1730000.0
2021-04-16,2423.18,2080000.0
2021-04-15,2514.22,1910000.0
2021-04-14,2431.56,2110000.0
2021-04-13,2299.93,2380000.0
2021-04-12,2137.81,2160000.0
2021-04-11,2151.42,1970000.0
2021-04-10,2133.79,2090000.0
2021-04-09,2066.93,2470000.0
2021-04-08,2079.92,1730000.0
2021-04-07,1961.46,2300000.0
2021-04-06,2111.53,1930000.0
2021-04-05,2106.41,2310000.0
2021-04-04,2075.94,1590000.0
2021-04-03,2008.59,2010000.0
2021-04-02,2134.55,2470000.0
2021-04-01,1967.96,2080000.0
2021-03-31,1917.99,2590000.0
2021-03-30,1841.01,3030000.0
2021-03-29,1816.69,1940000.0
2021-03-28,1686.8,1310000.0
2021-03-27,1713.01,1400000.0
2021-03-26,1698.6,1640000.0
2021-03-25,1586.54,1540000.0
2021-03-24,1582.38,1880000.0
2021-03-23,1667.9,1460000.0
2021-03-22,1682.37,1580000.0
2021-03-21,1783.72,1430000.0
2021-03-20,1804.6,27030.0
2021-03-19,1809.64,1200000.0
2021-03-18,1776.08,1530000.0
2021-03-17,1823.35,1500000.0
2021-03-16,1804.85,1810000.0
2021-03-15,1792.38,1700000.0
2021-03-14,1849.06,671560.0
2021-03-13,1921.13,1790000.0
2021-03-12,1766.9,1520000.0
2021-03-11,1825.79,1580000.0
2021-03-10,1794.14,1660000.0
2021-03-09,1869.1,1580000.0
2021-03-08,1831.49,1970000.0
2021-03-07,1728.1,1690000.0
2021-03-06,1649.19,2070000.0
2021-03-05,1530.29,1670000.0
2021-03-04,1538.61,1700000.0
2021-03-03,1571.05,1170000.0
2021-03-02,1488.62,1740000.0
2021-03-01,1570.03,1920000.0
2021-02-28,1418.76,2070000.0
2021-02-27,1458.93,1560000.0
2021-02-26,1445.44,2130000.0
2021-02-25,1476.15,1750000.0
2021-02-24,1623.71,2190000.0
2021-02-23,1578.11,3600000.0
2021-02-22,1777.28,2680000.0
2021-02-21,1933.45,1470000.0
2021-02-20,1913.88,2290000.0
2021-02-19,1955.59,1780000.0
2021-02-18,1934.16,881870.0
2021-02-17,1847.95,1690000.0
2021-02-16,1781.69,1480000.0
2021-02-15,1778.82,1940000.0
2021-02-14,1801.78,1430000.0
2021-02-13,1815.49,1440000.0
2021-02-12,1841.02,1750000.0
2021-02-11,1786.35,1560000.0
2021-02-10,1742.09,2010000.0
2021-02-09,1770.63,1940000.0
2021-02-08,1750.18,2170000.0
2021-02-07,1612.99,1940000.0
2021-02-06,1676.63,1780000.0
2021-02-05,1719.2,1800000.0
2021-02-04,1594.0,2340000.0
2021-02-03,1664.34,2270000.0
2021-02-02,1511.36,2730000.0
2021-02-01,1373.4,1650000.0
2021-01-31,1312.73,1540000.0
2021-01-30,1376.96,1590000.0
2021-01-29,1379.3,3330000.0
2021-01-28,1328.47,814310.0
2021-01-27,1247.62,2900000.0
2021-01-26,1366.27,2560000.0
2021-01-25,1317.9,2770000.0
2021-01-24,1390.28,2300000.0
2021-01-23,1233.4,1460000.0
2021-01-22,1234.58,2940000.0
2021-01-21,1117.33,2760000.0
2021-01-20,1377.53,3050000.0
2021-01-19,1372.0,2270000.0
2021-01-18,1258.06,1730000.0
2021-01-17,1232.64,2150000.0
2021-01-16,1228.27,2290000.0
2021-01-15,1171.68,2850000.0
2021-01-14,1226.17,1550000.0
2021-01-13,1128.46,2250000.0
2021-01-12,1050.19,3090000.0
2021-01-11,1091.47,4190000.0
2021-01-10,1256.04,2650000.0
2021-01-09,1275.58,1990000.0
2021-01-08,1215.73,2710000.0
2021-01-07,1224.35,2710000.0
2021-01-06,1207.77,3750000.0
2021-01-05,1099.52,3250000.0
2021-01-04,1042.4,5190000.0
2021-01-03,974.97,4020000.0
2021-01-02,774.5,2250000.0
2021-01-01,729.12,1640000.0
2020-12-31,735.94,1040000.0
2020-12-30,751.8,1860000.0
2020-12-29,731.76,1820000.0
2020-12-28,730.05,2750000.0
2020-12-27,683.71,2310000.0
2020-12-26,636.58,1940000.0
2020-12-25,626.93,1700000.0
2020-12-24,612.34,1720000.0
2020-12-23,585.69,2200000.0
2020-12-22,637.47,2120000.0
2020-12-21,607.85,1880000.0
2020-12-20,638.26,2110000.0
2020-12-19,658.17,2170000.0
2020-12-18,653.85,2630000.0
2020-12-17,643.17,3670000.0
2020-12-16,637.38,3110000.0
2020-12-15,588.91,1740000.0
2020-12-14,586.19,1780000.0
2020-12-13,591.09,2030000.0
2020-12-12,567.78,1620000.0
2020-12-11,544.17,30170000.0
2020-12-10,558.13,19600000.0
2020-12-09,573.21,9100000.0
2020-12-08,555.05,8110000.0
2020-12-07,591.09,7720000.0
2020-12-06,601.68,13140000.0
2020-12-05,596.68,30830000.0
2020-12-04,567.91,48950000.0
2020-12-03,616.32,24000000.0
2020-12-02,598.05,16210000.0
2020-12-01,585.66,49420000.0
2020-11-30,615.92,51720000.0
2020-11-29,575.45,5790000.0
2020-11-28,537.74,5340000.0
2020-11-27,518.11,6420000.0
2020-11-26,519.32,13110000.0
2020-11-25,569.67,14500000.0
2020-11-24,605.03,41110000.0
2020-11-23,609.22,49680000.0
2020-11-22,559.4,36760000.0
2020-11-21,551.91,26860000.0
2020-11-20,509.98,30850000.0
2020-11-19,471.21,12530000.0
2020-11-18,478.52,18190000.0
2020-11-17,481.95,7930000.0
2020-11-16,460.43,5620000.0
2020-11-15,448.23,9340000.0
2020-11-14,460.7,9170000.0
2020-11-13,476.29,9850000.0
2020-11-12,462.56,9330000.0
2020-11-11,463.33,15130000.0
2020-11-10,450.22,20760000.0
2020-11-09,444.33,28850000.0
2020-11-08,454.68,4820000.0
2020-11-07,435.4,7780000.0
2020-11-06,455.72,6530000.0
2020-11-05,416.63,7040000.0
2020-11-04,402.19,6170000.0
2020-11-03,387.92,6730000.0
2020-11-02,383.53,9430000.0
2020-11-01,396.29,5520000.0
2020-10-31,386.42,6420000.0
2020-10-30,382.41,2810000.0
2020-10-29,386.76,3040000.0
2020-10-28,388.14,9960000.0
2020-10-27,403.15,6290000.0
2020-10-26,394.11,9060000.0
2020-10-25,406.09,3050000.0
2020-10-24,411.92,2680000.0
2020-10-23,408.52,8180000.0
2020-10-22,414.05,12650000.0
2020-10-21,391.2,13610000.0
2020-10-20,368.35,7460000.0
2020-10-19,379.19,6850000.0
2020-10-18,377.81,4680000.0
2020-10-17,368.63,4980000.0
2020-10-16,365.17,7590000.0
2020-10-15,377.45,7930000.0
2020-10-14,379.15,8080000.0
2020-10-13,381.23,7920000.0
2020-10-12,386.68,10390000.0
2020-10-11,374.19,5220000.0
2020-10-10,370.16,7170000.0
2020-10-09,365.28,7850000.0
2020-10-08,350.83,6850000.0
2020-10-07,341.48,5770000.0
2020-10-06,340.61,7320000.0
2020-10-05,353.28,4960000.0
2020-10-04,352.73,4770000.0
2020-10-03,345.6,4480000.0
2020-10-02,345.68,7270000.0
2020-10-01,353.07,7930000.0
2020-09-30,359.39,5430000.0
2020-09-29,359.86,6260000.0
2020-09-28,354.08,7770000.0
2020-09-27,357.23,6350000.0
2020-09-26,354.25,6480000.0
2020-09-25,351.63,8470000.0
2020-09-24,349.17,9400000.0
2020-09-23,319.95,13880000.0
2020-09-22,344.03,9290000.0
2020-09-21,341.3,11410000.0
2020-09-20,371.12,7300000.0
2020-09-19,385.25,6740000.0
2020-09-18,384.2,8950000.0
2020-09-17,388.97,12850000.0
2020-09-16,364.88,9060000.0
2020-09-15,364.01,9060000.0
2020-09-14,376.7,10340000.0
2020-09-13,365.71,10380000.0
2020-09-12,387.98,11490000.0
2020-09-11,373.72,12530000.0
2020-09-10,367.92,16500000.0
2020-09-09,351.1,14070000.0
2020-09-08,337.46,18980000.0
2020-09-07,352.06,21690000.0
2020-09-06,353.49,20130000.0
2020-09-05,334.91,35320000.0
2020-09-04,385.94,25200000.0
2020-09-03,381.97,33590000.0
2020-09-02,439.08,30140000.0
2020-09-01,475.8,10420000.0
2020-08-31,433.9,7890000.0
2020-08-30,428.86,6670000.0
2020-08-29,398.8,5230000.0
2020-08-28,395.11,6160000.0
2020-08-27,383.11,7030000.0
2020-08-26,385.96,6690000.0
2020-08-25,383.2,8280000.0
2020-08-24,407.7,6690000.0
2020-08-23,390.5,5360000.0
2020-08-22,395.56,6730000.0
2020-08-21,387.99,7620000.0
2020-08-20,416.05,6230000.0
2020-08-19,407.44,8440000.0
2020-08-18,422.16,8180000.0
2020-08-17,430.56,7830000.0
2020-08-16,433.63,7020000.0
2020-08-15,432.18,7270000.0
2020-08-14,438.03,8670000.0
2020-08-13,424.31,12040000.0
2020-08-12,387.12,8590000.0
2020-08-11,379.01,9440000.0
2020-08-10,395.53,8010000.0
2020-08-09,390.23,4970000.0
2020-08-08,396.76,4940000.0
2020-08-07,379.57,8340000.0
2020-08-06,394.83,7920000.0
2020-08-05,400.79,8740000.0
2020-08-04,389.62,9840000.0
2020-08-03,385.8,9920000.0
2020-08-02,372.08,16380000.0
2020-08-01,387.14,11030000.0
2020-07-31,346.51,8690000.0
2020-07-30,334.87,9070000.0
2020-07-29,317.82,8720000.0
2020-07-28,316.96,9910000.0
2020-07-27,321.8,13730000.0
2020-07-26,311.13,9190000.0
2020-07-25,305.32,8590000.0
2020-07-24,279.33,7170000.0
2020-07-23,275.34,8790000.0
2020-07-22,263.28,6680000.0
2020-07-21,245.53,6290000.0
2020-07-20,236.1,5360000.0
2020-07-19,239.01,6610000.0
2020-07-18,235.75,5790000.0
2020-07-17,232.75,5880000.0
2020-07-16,233.65,6630000.0
2020-07-15,238.62,7350000.0
2020-07-14,240.5,7070000.0
2020-07-13,239.73,8320000.0
2020-07-12,242.75,6810000.0
2020-07-11,239.2,6420000.0
2020-07-10,241.26,6840000.0
2020-07-09,242.02,9020000.0
2020-07-08,246.99,12980000.0
2020-07-07,239.25,6260000.0
2020-07-06,241.56,9450000.0
2020-07-05,227.98,5410000.0
2020-07-04,229.15,5450000.0
2020-07-03,225.12,5200000.0
2020-07-02,226.42,7280000.0
2020-07-01,230.95,6310000.0
2020-06-30,225.63,5600000.0
2020-06-29,227.87,6800000.0
2020-06-28,225.09,5910000.0
2020-06-27,221.06,7210000.0
2020-06-26,229.67,6960000.0
2020-06-25,232.56,6480000.0
2020-06-24,234.75,9130000.0
2020-06-23,243.2,5160000.0
2020-06-22,243.25,7930000.0
2020-06-21,228.13,4100000.0
2020-06-20,228.86,4540000.0
2020-06-19,229.11,5560000.0
2020-06-18,231.34,4960000.0
2020-06-17,233.88,5940000.0
2020-06-16,235.36,7030000.0
2020-06-15,230.93,10180000.0
2020-06-14,232.02,5780000.0
2020-06-13,238.22,5270000.0
2020-06-12,237.54,7340000.0
2020-06-11,230.71,12400000.0
2020-06-10,247.78,7630000.0
2020-06-09,243.82,6860000.0
2020-06-08,246.18,6550000.0
2020-06-07,244.56,8100000.0
2020-06-06,242.0,6620000.0
2020-06-05,240.23,7750000.0
2020-06-04,243.37,8750000.0
2020-06-03,244.52,8150000.0
2020-06-02,237.94,12690000.0
2020-06-01,247.97,11970000.0
2020-05-31,231.81,12430000.0
2020-05-30,243.63,14340000.0
2020-05-29,220.66,12360000.0
2020-05-28,220.18,12510000.0
2020-05-27,208.18,10280000.0
2020-05-26,201.0,10440000.0
2020-05-25,204.13,10630000.0
2020-05-24,199.97,11890000.0
2020-05-23,206.62,9910000.0
2020-05-22,207.35,12130000.0
2020-05-21,198.75,14360000.0
2020-05-20,209.99,12190000.0
2020-05-19,214.51,13960000.0
2020-05-18,214.87,17730000.0
2020-05-17,207.0,15780000.0
2020-05-16,200.51,15520000.0
2020-05-15,194.85,16620000.0
2020-05-14,203.3,20750000.0
2020-05-13,199.58,17470000.0
2020-05-12,189.84,15580000.0
2020-05-11,185.96,26740000.0
2020-05-10,187.78,35980000.0
2020-05-09,210.22,20900000.0
2020-05-08,211.45,23080000.0
2020-05-07,212.0,26710000.0
2020-05-06,199.04,24030000.0
2020-05-05,205.36,21050000.0
2020-05-04,206.61,27210000.0
2020-05-03,209.83,23120000.0
2020-05-02,213.96,18310000.0
2020-05-01,212.0,23080000.0
2020-04-30,206.22,35460000.0
2020-04-29,215.4,32870000.0
2020-04-28,196.55,21810000.0
2020-04-27,196.14,23330000.0
2020-04-26,197.35,23130000.0
2020-04-25,194.01,21870000.0
2020-04-24,187.58,19840000.0
2020-04-23,185.46,28730000.0
2020-04-22,182.72,23810000.0
2020-04-21,170.79,23630000.0
2020-04-20,170.4,33680000.0
2020-04-19,180.13,23270000.0
2020-04-18,187.45,24750000.0
2020-04-17,170.63,20050000.0
2020-04-16,172.31,32990000.0
2020-04-15,152.9,20700000.0
2020-04-14,158.45,21200000.0
2020-04-13,156.38,25300000.0
2020-04-12,158.73,22600000.0
2020-04-11,158.18,19070000.0
2020-04-10,157.86,28350000.0
2020-04-09,169.68,20660000.0
2020-04-08,173.0,24310000.0
2020-04-07,164.71,35790000.0
2020-04-06,171.06,37890000.0
2020-04-05,142.58,18170000.0
2020-04-04,144.01,19750000.0
2020-04-03,141.14,23340000.0
2020-04-02,141.3,29420000.0
2020-04-01,135.66,19450000.0
2020-03-31,132.86,17300000.0
2020-03-30,132.15,20710000.0
2020-03-29,125.24,16330000.0
2020-03-28,131.03,21030000.0
2020-03-27,131.74,18180000.0
2020-03-26,138.38,17710000.0
2020-03-25,136.07,24150000.0
2020-03-24,138.62,27100000.0
2020-03-23,136.02,28620000.0
2020-03-22,122.41,25250000.0
2020-03-21,132.58,27000000.0
2020-03-20,133.32,38740000.0
2020-03-19,135.43,33780000.0
2020-03-18,117.77,25800000.0
2020-03-17,116.06,27090000.0
2020-03-16,111.02,40250000.0
2020-03-15,124.35,26240000.0
2020-03-14,122.69,26830000.0
2020-03-13,133.99,60700000.0
2020-03-12,107.9,53510000.0
2020-03-11,194.58,21260000.0
2020-03-10,200.56,21870000.0
2020-03-09,202.85,30270000.0
2020-03-08,199.16,24760000.0
2020-03-07,237.32,16900000.0
2020-03-06,244.9,17740000.0
2020-03-05,228.45,17820000.0
2020-03-04,224.38,14650000.0
2020-03-03,223.94,18480000.0
2020-03-02,231.87,18120000.0
2020-03-01,217.99,17170000.0
2020-02-29,217.52,16340000.0
2020-02-28,226.93,24110000.0
2020-02-27,227.53,28830000.0
2020-02-26,224.3,29550000.0
2020-02-25,246.96,20310000.0
2020-02-24,265.65,19960000.0
2020-02-23,274.72,16040000.0
2020-02-22,261.64,13400000.0
2020-02-21,265.11,17460000.0
2020-02-20,257.39,22070000.0
2020-02-19,259.12,20760000.0
2020-02-18,282.26,24150000.0
2020-02-17,267.63,25610000.0
2020-02-16,259.99,24820000.0
2020-02-15,264.87,22260000.0
2020-02-14,285.25,19990000.0
2020-02-13,268.75,25050000.0
2020-02-12,265.58,23790000.0
2020-02-11,236.76,17390000.0
2020-02-10,222.95,16500000.0
2020-02-09,228.59,14280000.0
2020-02-08,223.23,15980000.0
2020-02-07,223.51,16730000.0
2020-02-06,213.16,16440000.0
2020-02-05,203.83,14670000.0
2020-02-04,188.93,11560000.0
2020-02-03,189.79,11950000.0
2020-02-02,188.5,14540000.0
2020-02-01,183.64,13240000.0
2020-01-31,179.91,11770000.0
2020-01-30,184.59,13020000.0
2020-01-29,173.86,11270000.0
2020-01-28,175.74,12630000.0
2020-01-27,170.27,12540000.0
2020-01-26,167.9,9820000.0
2020-01-25,160.44,9630000.0
2020-01-24,162.55,14880000.0
2020-01-23,162.8,14860000.0
2020-01-22,168.13,11300000.0
2020-01-21,169.41,11520000.0
2020-01-20,166.87,11300000.0
2020-01-19,166.92,15840000.0
2020-01-18,174.19,17420000.0
2020-01-17,170.22,18570000.0
2020-01-16,164.36,16240000.0
2020-01-15,166.45,16660000.0
2020-01-14,166.07,22850000.0
2020-01-13,143.6,10260000.0
2020-01-12,146.46,10010000.0
2020-01-11,142.67,12460000.0
2020-01-10,144.81,13370000.0
2020-01-09,137.92,11380000.0
2020-01-08,140.81,13710000.0
2020-01-07,143.04,13580000.0
2020-01-06,144.08,14360000.0
2020-01-05,135.59,12190000.0
2020-01-04,134.33,11160000.0
2020-01-03,134.27,15670000.0
2020-01-02,127.19,11450000.0
2020-01-01,130.75,10350000.0
2019-12-31,129.21,12890000.0
2019-12-30,131.83,12470000.0
2019-12-29,134.4,15690000.0
2019-12-28,128.35,12130000.0
2019-12-27,126.41,12250000.0
2019-12-26,125.93,15550000.0
2019-12-25,125.24,13230000.0
2019-12-24,128.05,11440000.0
2019-12-23,128.08,14730000.0
2019-12-22,132.19,13670000.0
2019-12-21,127.61,9640000.0
2019-12-20,128.7,12290000.0
2019-12-19,128.42,14220000.0
2019-12-18,132.92,20230000.0
2019-12-17,122.06,17040000.0
2019-12-16,132.78,17600000.0
2019-12-15,142.53,11310000.0
2019-12-14,142.03,11150000.0
2019-12-13,144.96,10950000.0
2019-12-12,145.03,12230000.0
2019-12-11,143.51,10930000.0
2019-12-10,145.86,11120000.0
2019-12-09,147.88,9670000.0
2019-12-08,151.17,9280000.0
2019-12-07,148.28,8110000.0
2019-12-06,148.89,8770000.0
2019-12-05,148.69,9990000.0
2019-12-04,145.79,12850000.0
2019-12-03,147.82,8730000.0
2019-12-02,148.89,9180000.0
2019-12-01,151.04,9910000.0
2019-11-30,151.95,8790000.0
2019-11-29,154.55,10490000.0
2019-11-28,151.07,9660000.0
2019-11-27,152.7,13340000.0
2019-11-26,147.61,10840000.0
2019-11-25,145.9,17980000.0
2019-11-24,140.66,11390000.0
2019-11-23,152.46,11840000.0
2019-11-22,149.8,21120000.0
2019-11-21,161.46,13360000.0
2019-11-20,174.96,8390000.0
2019-11-19,176.09,9110000.0
2019-11-18,178.5,9570000.0
2019-11-17,184.18,8570000.0
2019-11-16,182.42,7620000.0
2019-11-15,180.19,11860000.0
2019-11-14,185.25,9570000.0
2019-11-13,188.36,7770000.0
2019-11-12,186.99,9350000.0
2019-11-11,185.09,10260000.0
2019-11-10,188.99,10950000.0
2019-11-09,184.96,8310000.0
2019-11-08,184.03,11710000.0
2019-11-07,186.94,11490000.0
2019-11-06,191.28,11720000.0
2019-11-05,188.67,11780000.0
2019-11-04,185.85,11890000.0
2019-11-03,181.7,10410000.0
2019-11-02,183.01,8710000.0
2019-11-01,183.12,10780000.0
2019-10-31,182.37,12940000.0
2019-10-30,183.25,13670000.0
2019-10-29,190.45,14030000.0
2019-10-28,181.67,12750000.0
2019-10-27,184.05,14540000.0
2019-10-26,179.62,19630000.0
2019-10-25,181.49,16190000.0
2019-10-24,160.73,11360000.0
2019-10-23,162.28,16000000.0
2019-10-22,171.42,9860000.0
2019-10-21,174.18,9240000.0
2019-10-20,175.14,10100000.0
2019-10-19,171.91,9890000.0
2019-10-18,172.81,11270000.0
2019-10-17,177.31,9450000.0
2019-10-16,174.53,12280000.0
2019-10-15,180.59,11450000.0
2019-10-14,186.63,9910000.0
2019-10-13,181.11,8220000.0
2019-10-12,179.87,9850000.0
2019-10-11,180.6,13310000.0
2019-10-10,191.1,10420000.0
2019-10-09,192.64,12430000.0
2019-10-08,180.78,10260000.0
2019-10-07,179.87,10950000.0
2019-10-06,170.55,7970000.0
2019-10-05,176.43,7300000.0
2019-10-04,175.65,8440000.0
2019-10-03,174.54,8890000.0
2019-10-02,180.27,8470000.0
2019-10-01,175.78,11880000.0
2019-09-30,180.35,11930000.0
2019-09-29,169.29,9900000.0
2019-09-28,173.62,10220000.0
2019-09-27,173.19,10940000.0
2019-09-26,164.56,11970000.0
2019-09-25,168.92,13880000.0
2019-09-24,166.29,19020000.0
2019-09-23,201.18,9650000.0
2019-09-22,211.13,9720000.0
2019-09-21,215.22,8690000.0
2019-09-20,218.0,9100000.0
2019-09-19,220.21,12420000.0
2019-09-18,210.43,9780000.0
2019-09-17,207.77,11690000.0
2019-09-16,197.32,10010000.0
2019-09-15,189.1,7300000.0
2019-09-14,188.16,8630000.0
2019-09-13,181.11,7680000.0
2019-09-12,180.87,7190000.0
2019-09-11,178.47,10660000.0
2019-09-10,180.05,8270000.0
2019-09-09,180.65,9640000.0
2019-09-08,181.44,8340000.0
2019-09-07,177.74,9050000.0
2019-09-06,169.15,9980000.0
2019-09-05,173.83,7400000.0
2019-09-04,174.79,7550000.0
2019-09-03,178.81,9030000.0
2019-09-02,178.11,9270000.0
2019-09-01,169.72,7800000.0
2019-08-31,171.62,7890000.0
2019-08-30,168.16,7490000.0
2019-08-29,168.66,9550000.0
2019-08-28,172.85,9720000.0
2019-08-27,186.58,7190000.0
2019-08-26,188.34,9020000.0
2019-08-25,186.3,7580000.0
2019-08-24,190.15,8380000.0
2019-08-23,193.43,8560000.0
2019-08-22,190.29,9970000.0
2019-08-21,187.24,12980000.0
2019-08-20,196.14,10010000.0
2019-08-19,201.64,8140000.0
2019-08-18,193.68,9110000.0
2019-08-17,184.81,8780000.0
2019-08-16,184.55,11330000.0
2019-08-15,187.8,14030000.0
2019-08-14,186.56,12460000.0
2019-08-13,207.68,18290000.0
2019-08-12,210.45,7940000.0
2019-08-11,215.83,7630000.0
2019-08-10,205.93,8700000.0
2019-08-09,209.49,9660000.0
2019-08-08,220.16,7540000.0
2019-08-07,224.66,7900000.0
2019-08-06,225.63,9350000.0
2019-08-05,232.45,9790000.0
2019-08-04,220.72,6510000.0
2019-08-03,220.89,6990000.0
2019-08-02,216.54,7560000.0
2019-08-01,216.37,7090000.0
2019-07-31,217.23,7510000.0
2019-07-30,208.49,7150000.0
2019-07-29,209.82,7200000.0
2019-07-28,210.37,7540000.0
2019-07-27,206.62,8550000.0
2019-07-26,217.83,6960000.0
2019-07-25,217.65,8420000.0
2019-07-24,215.44,9720000.0
2019-07-23,211.87,8700000.0
2019-07-22,217.27,8600000.0
2019-07-21,225.01,8500000.0
2019-07-20,227.86,9120000.0
2019-07-19,220.09,9380000.0
2019-07-18,225.23,12650000.0
2019-07-17,210.95,13510000.0
2019-07-16,198.87,14520000.0
2019-07-15,228.49,14590000.0
2019-07-14,226.62,11860000.0
2019-07-13,269.16,7840000.0
2019-07-12,274.68,7950000.0
2019-07-11,268.72,11360000.0
2019-07-10,289.1,12440000.0
2019-07-09,307.41,9130000.0
2019-07-08,312.23,8500000.0
2019-07-07,304.88,8430000.0
2019-07-06,288.08,7560000.0
2019-07-05,287.15,7800000.0
2019-07-04,283.43,7260000.0
2019-07-03,300.58,7900000.0
2019-07-02,291.41,10300000.0
2019-07-01,294.83,9570000.0
2019-06-30,292.21,9820000.0
2019-06-29,318.48,9030000.0
2019-06-28,310.56,9930000.0
2019-06-27,297.55,16130000.0
2019-06-26,338.54,15730000.0
2019-06-25,317.65,8510000.0
2019-06-24,311.46,7100000.0
2019-06-23,308.53,8490000.0
2019-06-22,310.38,10690000.0
2019-06-21,294.72,11060000.0
2019-06-20,271.43,7040000.0
2019-06-19,268.26,6230000.0
2019-06-18,264.59,7390000.0
2019-06-17,273.0,7410000.0
2019-06-16,267.98,8660000.0
2019-06-15,267.75,6520000.0
2019-06-14,262.53,6870000.0
2019-06-13,254.86,7300000.0
2019-06-12,261.54,7890000.0
2019-06-11,244.41,6920000.0
2019-06-10,246.86,8390000.0
2019-06-09,231.27,7800000.0
2019-06-08,243.42,6230000.0
2019-06-07,248.98,7410000.0
2019-06-06,248.54,7720000.0
2019-06-05,245.83,8640000.0
2019-06-04,241.26,11390000.0
2019-06-03,250.37,9230000.0
2019-06-02,269.01,7310000.0
2019-06-01,264.31,9060000.0
2019-05-31,267.99,11630000.0
2019-05-30,254.52,15520000.0
2019-05-29,268.61,22330000.0
2019-05-28,271.18,9350000.0
2019-05-27,270.98,11580000.0
2019-05-26,264.68,10060000.0
2019-05-25,250.68,8580000.0
2019-05-24,249.17,10070000.0
2019-05-23,244.68,13070000.0
2019-05-22,244.34,10830000.0
2019-05-21,253.76,10240000.0
2019-05-20,250.72,12380000.0
2019-05-19,259.63,14380000.0
2019-05-18,233.89,13930000.0
2019-05-17,244.45,22540000.0
2019-05-16,264.69,25140000.0
2019-05-15,248.15,18660000.0
2019-05-14,217.42,16800000.0
2019-05-13,196.02,14800000.0
2019-05-12,188.07,18520000.0
2019-05-11,192.27,20900000.0
2019-05-10,172.77,12730000.0
2019-05-09,170.84,10030000.0
2019-05-08,170.77,9750000.0
2019-05-07,169.34,15230000.0
2019-05-06,173.0,12970000.0
2019-05-05,163.03,8540000.0
2019-05-04,163.68,10230000.0
2019-05-03,167.86,10230000.0
2019-05-02,161.66,8130000.0
2019-05-01,160.38,7740000.0
2019-04-30,161.8,9570000.0
2019-04-29,154.93,10690000.0
2019-04-28,158.27,8280000.0
2019-04-27,159.41,8510000.0
2019-04-26,157.97,11520000.0
2019-04-25,155.18,10780000.0
2019-04-24,165.22,11610000.0
2019-04-23,169.95,10170000.0
2019-04-22,170.87,8620000.0
2019-04-21,168.52,8780000.0
2019-04-20,172.73,8190000.0
2019-04-19,172.79,9260000.0
2019-04-18,173.33,10160000.0
2019-04-17,165.9,7560000.0
2019-04-16,165.65,7660000.0
2019-04-15,160.17,7710000.0
2019-04-14,167.29,5890000.0
2019-04-13,163.19,5520000.0
2019-04-12,163.47,7120000.0
2019-04-11,164.36,11110000.0
2019-04-10,177.37,12100000.0
2019-04-09,175.09,10820000.0
2019-04-08,179.16,14830000.0
2019-04-07,174.33,9880000.0
2019-04-06,165.55,10370000.0
2019-04-05,164.93,10060000.0
2019-04-04,157.43,13550000.0
2019-04-03,160.34,47660000.0
2019-04-02,163.47,36030000.0
2019-04-01,141.5,11850000.0
2019-03-31,141.79,9330000.0
2019-03-30,142.65,12810000.0
2019-03-29,143.38,12090000.0
2019-03-28,138.15,9520000.0
2019-03-27,139.65,15470000.0
2019-03-26,134.37,9470000.0
2019-03-25,134.25,11490000.0
2019-03-24,136.44,9660000.0
2019-03-23,137.53,9160000.0
2019-03-22,136.42,10180000.0
2019-03-21,135.11,12950000.0
2019-03-20,139.31,10460000.0
2019-03-19,138.72,10840000.0
2019-03-18,137.92,12870000.0
2019-03-17,138.91,9790000.0
2019-03-16,141.15,16890000.0
2019-03-15,136.75,12550000.0
2019-03-14,132.45,9790000.0
2019-03-13,131.97,9590000.0
2019-03-12,133.8,13030000.0
2019-03-11,132.99,11170000.0
2019-03-10,135.72,9210000.0
2019-03-09,137.52,10790000.0
2019-03-08,133.85,12380000.0
2019-03-07,136.93,13290000.0
2019-03-06,137.62,14700000.0
2019-03-05,136.82,16740000.0
2019-03-04,125.97,14110000.0
2019-03-03,131.01,10640000.0
2019-03-02,132.76,11290000.0
2019-03-01,135.72,9730000.0
2019-02-28,135.47,16080000.0
2019-02-27,135.2,16110000.0
2019-02-26,136.67,11750000.0
2019-02-25,138.27,10550000.0
2019-02-24,132.93,14300000.0
2019-02-23,158.3,8310000.0
2019-02-22,147.97,6790000.0
2019-02-21,145.78,7210000.0
2019-02-20,149.11,8610000.0
2019-02-19,144.01,9900000.0
2019-02-18,145.8,11930000.0
2019-02-17,133.79,8670000.0
2019-02-16,122.87,5330000.0
2019-02-15,121.73,5690000.0
2019-02-14,120.97,5810000.0
2019-02-13,122.22,6170000.0
2019-02-12,122.64,5740000.0
2019-02-11,121.3,6130000.0
2019-02-10,124.92,6320000.0
2019-02-09,119.44,5210000.0
2019-02-08,119.23,9190000.0
2019-02-07,104.55,5050000.0
2019-02-06,104.63,6150000.0
2019-02-05,107.37,4670000.0
2019-02-04,107.9,5020000.0
2019-02-03,107.62,5010000.0
2019-02-02,110.68,4230000.0
2019-02-01,106.98,4980000.0
2019-01-31,106.71,5110000.0
2019-01-30,108.52,5950000.0
2019-01-29,104.79,5410000.0
2019-01-28,105.82,7450000.0
2019-01-27,112.5,4650000.0
2019-01-26,115.83,3480000.0
2019-01-25,115.5,4750000.0
2019-01-24,116.71,4380000.0
2019-01-23,116.84,4350000.0
2019-01-22,118.23,5110000.0
2019-01-21,116.05,4800000.0
2019-01-20,117.52,3930000.0
2019-01-19,123.02,3360000.0
2019-01-18,119.34,2590000.0
2019-01-17,122.03,3610000.0
2019-01-16,121.72,3830000.0
2019-01-15,119.62,4310000.0
2019-01-14,127.53,3860000.0
2019-01-13,114.64,2980000.0
2019-01-12,123.75,2210000.0
2019-01-11,125.15,3770000.0
2019-01-10,125.63,6480000.0
2019-01-09,148.79,2340000.0
2019-01-08,148.41,3040000.0
2019-01-07,149.96,2880000.0
2019-01-06,154.96,4230000.0
2019-01-05,153.49,4850000.0
2019-01-04,152.86,4920000.0
2019-01-03,146.94,4020000.0
2019-01-02,152.95,5510000.0
2019-01-01,139.61,3050000.0
2018-12-31,131.9,3230000.0
2018-12-30,138.45,4350000.0
2018-12-29,133.67,5920000.0
2018-12-28,136.61,5940000.0
2018-12-27,114.56,4830000.0
2018-12-26,130.06,5110000.0
2018-12-25,128.39,7040000.0
2018-12-24,139.23,9390000.0
2018-12-23,129.6,6660000.0
2018-12-22,115.84,3300000.0
2018-12-21,108.18,5180000.0
2018-12-20,114.61,6340000.0
2018-12-19,99.37,5580000.0
2018-12-18,100.66,4660000.0
2018-12-17,94.37,5370000.0
2018-12-16,84.72,3610000.0
2018-12-15,83.9,3040000.0
2018-12-14,83.81,3840000.0
2018-12-13,86.31,3940000.0
2018-12-12,89.62,3460000.0
2018-12-11,88.32,4380000.0
2018-12-10,90.17,4150000.0
2018-12-09,93.62,4880000.0
2018-12-08,90.57,5680000.0
2018-12-07,93.27,7730000.0
2018-12-06,90.86,5060000.0
2018-12-05,102.33,3040000.0
2018-12-04,110.09,2480000.0
2018-12-03,108.66,2660000.0
2018-12-02,116.41,2100000.0
2018-12-01,118.23,2870000.0
2018-11-30,113.77,4270000.0
2018-11-29,117.85,4000000.0
2018-11-28,122.74,5410000.0
2018-11-27,111.18,5420000.0
2018-11-26,110.08,5090000.0
2018-11-25,118.04,6740000.0
2018-11-24,114.43,3810000.0
2018-11-23,124.64,4470000.0
2018-11-22,126.12,2920000.0
2018-11-21,137.72,5120000.0
2018-11-20,132.92,7690000.0
2018-11-19,150.12,5230000.0
2018-11-18,178.65,1590000.0
2018-11-17,176.53,44190000.0
2018-11-16,177.01,43390000.0
2018-11-15,184.1,69510000.0
2018-11-14,187.46,45720000.0
2018-11-13,210.44,27770000.0
2018-11-12,212.79,17810000.0
2018-11-11,213.18,48660000.0
2018-11-10,213.21,10440000.0
2018-11-09,211.39,3470000.0
2018-11-08,212.87,23560000.0
2018-11-07,218.8,15960000.0
2018-11-06,220.22,33870000.0
2018-11-05,210.67,77470000.0
2018-11-04,211.86,54200000.0
2018-11-03,200.23,8620000.0
2018-11-02,202.66,7260000.0
2018-11-01,198.17,12550000.0
2018-10-31,198.59,19690000.0
2018-10-30,197.39,22410000.0
2018-10-29,197.05,17760000.0
2018-10-28,204.99,9110000.0
2018-10-27,204.36,9760000.0
2018-10-26,204.58,13990000.0
2018-10-25,204.11,15680000.0
2018-10-24,205.12,18180000.0
2018-10-23,205.68,19710000.0
2018-10-22,206.77,27130000.0
2018-10-21,207.37,14650000.0
2018-10-20,208.04,12480000.0
2018-10-19,204.97,26320000.0
2018-10-18,206.58,16210000.0
2018-10-17,213.46,16840000.0
2018-10-16,215.06,20240000.0
2018-10-15,214.26,41350000.0
2018-10-14,197.08,12890000.0
2018-10-13,201.22,976300.0
2018-10-12,196.7,1690000.0
2018-10-11,190.89,3500000.0
2018-10-10,226.3,1070000.0
2018-10-09,228.25,945430.0
2018-10-08,229.84,1300000.0
2018-10-07,226.11,1470000.0
2018-10-06,225.18,8200000.0
2018-10-05,228.34,7630000.0
2018-10-04,222.57,7830000.0
2018-10-03,220.51,8470000.0
2018-10-02,225.84,8170000.0
2018-10-01,231.77,8310000.0
2018-09-30,232.8,8740000.0
2018-09-29,231.87,8900000.0
2018-09-28,221.77,7340000.0
2018-09-27,229.15,7370000.0
2018-09-26,214.35,6370000.0
2018-09-25,219.04,5780000.0
2018-09-24,228.01,4540000.0
2018-09-23,244.67,4030000.0
2018-09-22,240.82,5160000.0
2018-09-21,247.92,6760000.0
2018-09-20,224.42,4470000.0
2018-09-19,209.74,5680000.0
2018-09-18,209.03,5320000.0
2018-09-17,196.24,7490000.0
2018-09-16,220.2,4640000.0
2018-09-15,221.94,5530000.0
2018-09-14,209.98,7710000.0
2018-09-13,211.0,7460000.0
2018-09-12,182.98,5830000.0
2018-09-11,185.07,5150000.0
2018-09-10,197.04,4380000.0
2018-09-09,195.8,5470000.0
2018-09-08,196.79,4470000.0
2018-09-07,215.6,4510000.0
2018-09-06,229.6,5810000.0
2018-09-05,228.77,6210000.0
2018-09-04,285.17,5020000.0
2018-09-03,288.92,5350000.0
2018-09-02,295.05,5850000.0
2018-09-01,295.31,4530000.0
2018-08-31,281.94,4660000.0
2018-08-30,283.97,4990000.0
2018-08-29,288.42,4840000.0
2018-08-28,295.62,4710000.0
2018-08-27,286.57,4890000.0
2018-08-26,274.46,4140000.0
2018-08-25,277.61,4050000.0
2018-08-24,281.29,4900000.0
2018-08-23,276.12,3940000.0
2018-08-22,269.84,5030000.0
2018-08-21,280.9,2970000.0
2018-08-20,271.08,3880000.0
2018-08-19,299.33,3540000.0
2018-08-18,293.89,4310000.0
2018-08-17,316.9,4750000.0
2018-08-16,286.76,4080000.0
2018-08-15,281.12,5170000.0
2018-08-14,278.19,5960000.0
2018-08-13,284.01,2330000.0
2018-08-12,318.18,1520000.0
2018-08-11,317.59,2160000.0
2018-08-10,331.81,1740000.0
2018-08-09,363.34,1420000.0
2018-08-08,355.44,2050000.0
2018-08-07,378.25,1630000.0
2018-08-06,405.4,1020000.0
2018-08-05,408.85,1020000.0
2018-08-04,407.09,1140000.0
2018-08-03,417.58,1430000.0
2018-08-02,411.0,1320000.0
2018-08-01,420.3,1640000.0
2018-07-31,431.5,1520000.0
2018-07-30,456.64,1380000.0
2018-07-29,466.41,1040000.0
2018-07-28,468.78,1070000.0
2018-07-27,470.23,1170000.0
2018-07-26,462.75,1110000.0
2018-07-25,472.03,1380000.0
2018-07-24,479.88,1590000.0
2018-07-23,450.56,1320000.0
2018-07-22,459.02,918810.0
2018-07-21,461.52,972660.0
2018-07-20,449.38,1520000.0
2018-07-19,469.47,1210000.0
2018-07-18,480.0,1520000.0
2018-07-17,499.87,1700000.0
2018-07-16,479.79,1420000.0
2018-07-15,450.81,916020.0
2018-07-14,434.09,932650.0
2018-07-13,432.85,1240000.0
2018-07-12,430.84,1550000.0
2018-07-11,445.99,1050000.0
2018-07-10,432.67,1620000.0
2018-07-09,471.52,1200000.0
2018-07-08,486.45,2160000.0
2018-07-07,485.4,1620000.0
2018-07-06,469.9,1750000.0
2018-07-05,468.47,1740000.0
2018-07-04,467.52,1280000.0
2018-07-03,461.89,1720000.0
2018-07-02,475.7,1910000.0
2018-07-01,452.57,1670000.0
2018-06-30,452.67,1820000.0
2018-06-29,435.37,1780000.0
2018-06-28,421.27,1660000.0
2018-06-27,442.16,2020000.0
2018-06-26,430.33,5310000.0
2018-06-25,458.76,4410000.0
2018-06-24,454.81,2640000.0
2018-06-23,474.14,1220000.0
2018-06-22,462.57,1740000.0
2018-06-21,526.01,774030.0
2018-06-20,536.31,873140.0
2018-06-19,538.22,985960.0
2018-06-18,517.91,842050.0
2018-06-17,496.43,604790.0
2018-06-16,496.93,749090.0
2018-06-15,487.88,1250000.0
2018-06-14,519.49,1700000.0
2018-06-13,476.17,1560000.0
2018-06-12,494.48,1240000.0
2018-06-11,531.42,1210000.0
2018-06-10,524.64,1490000.0
2018-06-09,593.8,534160.0
2018-06-08,599.67,622540.0
2018-06-07,604.71,843320.0
2018-06-06,606.39,700740.0
2018-06-05,608.83,829990.0
2018-06-04,591.44,809800.0
2018-06-03,619.08,764930.0
2018-06-02,591.3,808420.0
2018-06-01,579.3,861910.0
2018-05-31,577.87,922240.0
2018-05-30,557.98,1060000.0
2018-05-29,566.81,1380000.0
2018-05-28,512.29,1500000.0
2018-05-27,570.69,892940.0
2018-05-26,586.76,651250.0
2018-05-25,585.39,1080000.0
2018-05-24,602.43,1560000.0
2018-05-23,577.55,1780000.0
2018-05-22,642.17,928090.0
2018-05-21,696.85,590690.0
2018-05-20,716.02,702630.0
2018-05-19,696.76,732310.0
2018-05-18,693.28,906930.0
2018-05-17,668.97,953690.0
2018-05-16,706.53,978180.0
2018-05-15,705.73,1030000.0
2018-05-14,727.06,1390000.0
2018-05-13,729.37,1010000.0
2018-05-12,683.94,1340000.0
2018-05-11,676.21,1630000.0
2018-05-10,724.4,983140.0
2018-05-09,751.62,1070000.0
2018-05-08,748.48,1140000.0
2018-05-07,754.03,2120000.0
2018-05-06,793.19,1160000.0
2018-05-05,818.33,1000000.0
2018-05-04,785.2,1240000.0
2018-05-03,778.95,1550000.0
2018-05-02,688.15,873980.0
2018-05-01,671.26,1030000.0
2018-04-30,670.07,913860.0
2018-04-29,689.9,856120.0
2018-04-28,683.49,871550.0
2018-04-27,643.97,1060000.0
2018-04-26,662.36,1370000.0
2018-04-25,617.36,2720000.0
2018-04-24,703.02,1480000.0
2018-04-23,644.13,859640.0
2018-04-22,622.23,1020000.0
2018-04-21,605.59,1230000.0
2018-04-20,617.04,1420000.0
2018-04-19,567.49,1040000.0
2018-04-18,525.66,759150.0
2018-04-17,503.19,826710.0
2018-04-16,511.82,1030000.0
2018-04-15,533.9,988290.0
2018-04-14,502.52,924640.0
2018-04-13,493.48,1670000.0
2018-04-12,494.03,1860000.0
2018-04-11,430.14,827170.0
2018-04-10,415.45,709220.0
2018-04-09,399.05,1300000.0
2018-04-08,400.71,569260.0
2018-04-07,384.87,600400.0
2018-04-06,369.97,700800.0
2018-04-05,381.52,903270.0
2018-04-04,378.68,1120000.0
2018-04-03,415.55,1060000.0
2018-04-02,385.07,824810.0
2018-04-01,378.75,1240000.0
2018-03-31,393.96,1210000.0
2018-03-30,393.79,1960000.0
2018-03-29,384.12,2010000.0
2018-03-28,446.84,918120.0
2018-03-27,448.48,1310000.0
2018-03-26,485.98,1150000.0
2018-03-25,523.5,495850.0
2018-03-24,520.45,554620.0
2018-03-23,543.42,871890.0
2018-03-22,539.87,887950.0
2018-03-21,560.24,1010000.0
2018-03-20,557.08,1160000.0
2018-03-19,556.16,1460000.0
2018-03-18,536.72,2560000.0
2018-03-17,550.27,777540.0
2018-03-16,600.79,695580.0
2018-03-15,610.13,991890.0
2018-03-14,612.09,990480.0
2018-03-13,689.57,558730.0
2018-03-12,697.04,664590.0
2018-03-11,720.12,690940.0
2018-03-10,682.52,673800.0
2018-03-09,725.89,1130000.0
2018-03-08,698.96,850150.0
2018-03-07,749.98,945380.0
2018-03-06,814.88,578560.0
2018-03-05,850.24,466380.0
2018-03-04,865.53,444490.0
2018-03-03,855.91,407540.0
2018-03-02,856.09,463750.0
2018-03-01,870.04,514500.0
2018-02-28,852.49,550740.0
2018-02-27,871.44,569300.0
2018-02-26,866.99,619750.0
2018-02-25,840.88,507820.0
2018-02-24,834.36,669620.0
2018-02-23,856.65,868360.0
2018-02-22,803.66,849820.0
2018-02-21,839.1,1010000.0
2018-02-20,884.51,788970.0
2018-02-19,940.08,552220.0
2018-02-18,913.1,869060.0
2018-02-17,971.54,648320.0
2018-02-16,937.5,662760.0
2018-02-15,927.56,952230.0
2018-02-14,919.67,993860.0
2018-02-13,841.38,733530.0
2018-02-12,865.62,837420.0
2018-02-11,810.45,988450.0
2018-02-10,851.39,1050000.0
2018-02-09,877.85,923810.0
2018-02-08,805.4,1250000.0
2018-02-07,753.18,1980000.0
2018-02-06,783.83,4290000.0
2018-02-05,696.86,2990000.0
2018-02-04,829.43,1340000.0
2018-02-03,971.49,1070000.0
2018-02-02,920.85,3030000.0
2018-02-01,1033.55,1760000.0
2018-01-31,1118.08,990740.0
2018-01-30,1071.9,1420000.0
2018-01-29,1175.0,488440.0
2018-01-28,1246.6,662740.0
2018-01-27,1114.8,370170.0
2018-01-26,1047.0,485470.0
2018-01-25,1048.2,567300.0
2018-01-24,1063.2,606140.0
2018-01-23,982.98,798280.0
2018-01-22,995.08,835880.0
2018-01-21,1047.0,691690.0
2018-01-20,1146.0,573520.0
2018-01-19,1032.6,612190.0
2018-01-18,994.81,1310000.0
2018-01-17,1017.5,2400000.0
2018-01-16,1020.1,2350000.0
2018-01-15,1273.4,481870.0
2018-01-14,1350.0,618610.0
2018-01-13,1380.0,709740.0
2018-01-12,1257.2,732330.0
2018-01-11,1135.5,1260000.0
2018-01-10,1248.0,1330000.0
2018-01-09,1283.7,1040000.0
2018-01-08,1129.3,1540000.0
2018-01-07,1115.8,699390.0
2018-01-06,1004.3,447260.0
2018-01-05,962.77,1040000.0
2018-01-04,940.0,1220000.0
2018-01-03,942.01,1090000.0
2018-01-02,858.78,1470000.0
2018-01-01,752.46,425460.0
2017-12-31,736.77,536840.0
2017-12-30,682.22,936940.0
2017-12-29,731.52,716870.0
2017-12-28,711.42,893820.0
2017-12-27,736.45,587330.0
2017-12-26,749.8,521740.0
2017-12-25,709.81,764730.0
2017-12-24,659.89,1090000.0
2017-12-23,672.59,842430.0
2017-12-22,628.19,2730000.0
2017-12-21,786.97,1200000.0
2017-12-20,794.99,1480000.0
2017-12-19,799.98,1810000.0
2017-12-18,783.99,1470000.0
2017-12-17,708.78,737160.0
2017-12-16,683.25,703290.0
2017-12-15,678.29,1260000.0
2017-12-14,686.51,1730000.0
2017-12-13,690.69,2400000.0
2017-12-12,634.87,1490000.0
2017-12-11,515.25,784740.0
2017-12-10,429.24,875790.0
2017-12-09,460.92,1130000.0
2017-12-08,442.19,1120000.0
2017-12-07,415.02,1130000.0
2017-12-06,413.71,1290000.0
2017-12-05,451.87,656340.0
2017-12-04,465.0,431180.0
2017-12-03,459.49,482910.0
2017-12-02,455.51,473670.0
2017-12-01,460.67,594100.0
2017-11-30,432.21,785980.0
2017-11-29,420.34,801260.0
2017-11-28,465.56,538340.0
2017-11-27,473.44,671200.0
2017-11-26,464.0,
2017-11-25,464.0,589720.0
2017-11-24,470.51,903700.0
2017-11-23,405.19,925000.0
2017-11-22,380.48,486170.0
2017-11-21,360.0,696990.0
2017-11-20,367.94,519570.0
2017-11-19,354.7,618020.0
2017-11-18,346.68,518810.0
2017-11-17,331.0,530710.0
2017-11-16,330.76,521940.0
2017-11-15,330.59,584660.0
2017-11-14,334.28,854090.0
2017-11-13,313.22,696370.0
2017-11-12,303.9,879410.0
2017-11-11,313.07,604700.0
2017-11-10,296.18,1160000.0
2017-11-09,319.52,881180.0
2017-11-08,307.5,1170000.0
2017-11-07,291.42,757800.0
2017-11-06,296.9,557780.0
2017-11-05,295.63,345210.0
2017-11-04,299.48,463880.0
2017-11-03,303.47,760960.0
2017-11-02,284.89,910760.0
2017-11-01,288.6,538440.0
2017-10-31,303.69,285810.0
2017-10-30,307.0,301720.0
2017-10-29,304.39,583180.0
2017-10-28,293.49,245780.0
2017-10-27,295.99,239630.0
2017-10-26,295.1,207770.0
2017-10-25,295.46,329330.0
2017-10-24,296.3,758330.0
2017-10-23,284.85,597470.0
2017-10-22,293.55,334090.0
2017-10-21,299.23,368610.0
2017-10-20,302.61,415810.0
2017-10-19,306.97,413130.0
2017-10-18,313.45,885210.0
2017-10-17,315.65,671490.0
2017-10-16,334.46,945250.0
2017-10-15,337.23,875270.0
2017-10-14,339.24,528580.0
2017-10-13,337.46,1340000.0
2017-10-12,303.06,649860.0
2017-10-11,303.2,407080.0
2017-10-10,299.32,366240.0
2017-10-09,297.4,630800.0
2017-10-08,309.82,363240.0
2017-10-07,311.46,409620.0
2017-10-06,308.43,373260.0
2017-10-05,295.12,317810.0
2017-10-04,291.4,394450.0
2017-10-03,291.69,452020.0
2017-10-02,296.82,468960.0
2017-10-01,304.26,385330.0
2017-09-30,303.44,459210.0
2017-09-29,292.66,966410.0
2017-09-28,302.63,491020.0
2017-09-27,309.75,748360.0
2017-09-26,289.28,366530.0
2017-09-25,295.2,652310.0
2017-09-24,282.0,687970.0
2017-09-23,285.9,570420.0
2017-09-22,262.19,643200.0
2017-09-21,256.67,1030000.0
2017-09-20,283.5,512320.0
2017-09-19,282.63,941080.0
2017-09-18,296.81,1330000.0
2017-09-17,257.0,685700.0
2017-09-16,253.0,1080000.0
2017-09-15,258.68,3340000.0
2017-09-14,222.5,2250000.0
2017-09-13,275.48,1570000.0
2017-09-12,293.9,915330.0
2017-09-11,297.19,609030.0
2017-09-10,297.9,891440.0
2017-09-09,303.08,594280.0
2017-09-08,304.0,1080000.0
2017-09-07,334.1,582980.0
2017-09-06,337.36,805380.0
2017-09-05,316.18,1340000.0
2017-09-04,295.81,1990000.0
2017-09-03,350.63,742590.0
2017-09-02,345.0,1080000.0
2017-09-01,390.35,461310.0
2017-08-31,387.3,345070.0
2017-08-30,382.78,660230.0
2017-08-29,372.0,631680.0
2017-08-28,347.09,389240.0
2017-08-27,348.01,362050.0
2017-08-26,332.72,315620.0
2017-08-25,328.7,378010.0
2017-08-24,325.62,326980.0
2017-08-23,316.5,402800.0
2017-08-22,312.54,857280.0
2017-08-21,322.24,1150000.0
2017-08-20,298.37,304350.0
2017-08-19,292.78,554280.0
2017-08-18,292.0,578060.0
2017-08-17,299.0,465800.0
2017-08-16,301.34,526520.0
2017-08-15,286.0,629180.0
2017-08-14,298.22,371280.0
2017-08-13,296.64,582970.0
2017-08-12,307.22,561910.0
2017-08-11,308.81,455520.0
2017-08-10,295.97,543930.0
2017-08-09,293.99,1400000.0
2017-08-08,295.83,726470.0
2017-08-07,269.51,511600.0
2017-08-06,264.29,734520.0
2017-08-05,253.87,822050.0
2017-08-04,220.73,292120.0
2017-08-03,224.79,336650.0
2017-08-02,218.0,558150.0
2017-08-01,225.97,1230000.0
2017-07-31,200.81,444150.0
2017-07-30,195.31,522570.0
2017-07-29,206.76,866050.0
2017-07-28,191.2,493900.0
2017-07-27,202.54,410960.0
2017-07-26,203.33,685640.0
2017-07-25,202.7,1080000.0
2017-07-24,226.59,355760.0
2017-07-23,228.15,410730.0
2017-07-22,232.01,556210.0
2017-07-21,216.11,853870.0
2017-07-20,227.29,2110000.0
2017-07-19,194.63,2330000.0
2017-07-18,226.56,2520000.0
2017-07-17,190.16,1450000.0
2017-07-16,157.4,2110000.0
2017-07-15,170.15,694520.0
2017-07-14,196.49,971730.0
2017-07-13,205.0,842980.0
2017-07-12,223.92,1090000.0
2017-07-11,188.63,1560000.0
2017-07-10,202.0,1010000.0
2017-07-09,234.97,201470.0
2017-07-08,245.23,365160.0
2017-07-07,238.38,496510.0
2017-07-06,265.35,240420.0
2017-07-05,264.77,436760.0
2017-07-04,266.68,425000.0
2017-07-03,273.99,336350.0
2017-07-02,277.64,488520.0
2017-07-01,255.0,716320.0
2017-06-30,275.62,386780.0
2017-06-29,285.3,620080.0
2017-06-28,311.62,910350.0
2017-06-27,279.0,1090000.0
2017-06-26,251.3,1360000.0
2017-06-25,277.0,508550.0
2017-06-24,296.89,195470.0
2017-06-23,324.37,105600.0
2017-06-22,320.94,351820.0
2017-06-21,321.66,642800.0
2017-06-20,344.15,342670.0
2017-06-19,355.5,174450.0
2017-06-18,348.88,283220.0
2017-06-17,364.56,219770.0
2017-06-16,348.44,347870.0
2017-06-15,338.7,1150000.0
2017-06-14,335.95,593560.0
2017-06-13,382.7,442310.0
2017-06-12,386.9,1170000.0
2017-06-11,336.33,503720.0
2017-06-10,325.88,564750.0
2017-06-09,278.41,271540.0
2017-06-08,256.95,147190.0
2017-06-07,250.7,253510.0
2017-06-06,261.89,412070.0
2017-06-05,242.16,202570.0
2017-06-04,241.06,375990.0
2017-06-03,217.01,96060.0
2017-06-02,214.77,152450.0
2017-06-01,211.4,453560.0
2017-05-31,218.34,584480.0
2017-05-30,224.69,757870.0
2017-05-29,189.99,472380.0
2017-05-28,161.91,643590.0
2017-05-27,149.99,1260000.0
2017-05-26,152.8,649590.0
2017-05-25,168.71,862960.0
2017-05-24,183.88,645090.0
2017-05-23,168.24,507160.0
2017-05-22,154.92,1650000.0
2017-05-21,146.14,769980.0
2017-05-20,123.03,429970.0
2017-05-19,124.4,900720.0
2017-05-18,98.6,437250.0
2017-05-17,89.67,174840.0
2017-05-16,88.17,193410.0
2017-05-15,92.56,403460.0
2017-05-14,90.37,173210.0
2017-05-13,89.9,106010.0
2017-05-12,86.99,283230.0
2017-05-11,89.38,210470.0
2017-05-10,88.33,195510.0
2017-05-09,88.94,703650.0
2017-05-08,88.97,349340.0
2017-05-07,94.21,219190.0
2017-05-06,96.65,243520.0
2017-05-05,91.5,718170.0
2017-05-04,99.2,822130.0
2017-05-03,85.79,357120.0
2017-05-02,82.01,361700.0
2017-05-01,81.4,1260000.0
2017-04-30,83.51,492640.0
2017-04-29,73.55,474760.0
2017-04-28,76.0,959410.0
2017-04-27,68.0,526520.0
2017-04-26,57.31,530340.0
2017-04-25,53.9,97440.0
2017-04-24,53.54,202960.0
2017-04-23,53.33,186860.0
2017-04-22,52.15,125320.0
2017-04-21,51.37,156430.0
2017-04-20,51.96,347610.0
2017-04-19,49.66,460600.0
2017-04-18,52.42,643620.0
2017-04-17,49.52,170640.0
2017-04-16,49.58,64040.0
2017-04-15,49.71,332290.0
2017-04-14,48.5,394470.0
2017-04-13,50.65,520860.0
2017-04-12,46.85,537210.0
2017-04-11,44.21,113370.0
2017-04-10,44.17,218120.0
2017-04-09,43.94,177310.0
2017-04-08,44.51,363840.0
2017-04-07,42.25,277520.0
2017-04-06,43.11,649410.0
2017-04-05,45.35,564400.0
2017-04-04,44.41,762880.0
2017-04-03,44.28,1170000.0
2017-04-02,48.6,784600.0
2017-04-01,50.59,386430.0
2017-03-31,49.72,784700.0
2017-03-30,51.62,373980.0
2017-03-29,52.88,685320.0
2017-03-28,50.16,453920.0
2017-03-27,48.93,389870.0
2017-03-26,50.46,461990.0
2017-03-25,50.75,1150000.0
2017-03-24,54.01,1640000.0
2017-03-23,43.14,523650.0
2017-03-22,41.46,488530.0
2017-03-21,42.45,462960.0
2017-03-20,42.06,875000.0
2017-03-19,43.17,1690000.0
2017-03-18,34.2,2120000.0
2017-03-17,44.65,3390000.0
2017-03-16,45.07,3060000.0
2017-03-15,34.8,1360000.0
2017-03-14,28.66,701890.0
2017-03-13,28.4,1780000.0
2017-03-12,23.2,786850.0
2017-03-11,21.3,661770.0
2017-03-10,19.18,824860.0
2017-03-09,17.75,281600.0
2017-03-08,16.51,562050.0
2017-03-07,18.88,228660.0
2017-03-06,19.51,316910.0
2017-03-05,19.35,226390.0
2017-03-04,18.5,331950.0
2017-03-03,19.49,981000.0
2017-03-02,19.02,903090.0
2017-03-01,17.43,343430.0
2017-02-28,15.86,616600.0
2017-02-27,15.5,469290.0
2017-02-26,14.57,284670.0
2017-02-25,13.55,223070.0
2017-02-24,13.11,145360.0
2017-02-23,13.27,168680.0
2017-02-22,12.68,47570.0
2017-02-21,12.82,174100.0
2017-02-20,12.4,91260.0
2017-02-19,12.8,54510.0
2017-02-18,12.79,67300.0
2017-02-17,12.76,86680.0
2017-02-16,12.92,116460.0
2017-02-15,12.92,302770.0
2017-02-14,12.96,613950.0
2017-02-13,11.35,59340.0
2017-02-12,11.26,35220.0
2017-02-11,11.33,73260.0
2017-02-10,11.3,141080.0
2017-02-09,10.9,205680.0
2017-02-08,11.35,78890.0
2017-02-07,11.41,116310.0
2017-02-06,11.32,69660.0
2017-02-05,11.18,48070.0
2017-02-04,11.32,158070.0
2017-02-03,10.93,102560.0
2017-02-02,10.8,149420.0
2017-02-01,10.71,113790.0
2017-01-31,10.71,250340.0
2017-01-30,10.53,107000.0
2017-01-29,10.46,38280.0
2017-01-28,10.51,102560.0
2017-01-27,10.5,61250.0
2017-01-26,10.63,84720.0
2017-01-25,10.48,26190.0
2017-01-24,10.5,105210.0
2017-01-23,10.77,54390.0
2017-01-22,10.64,140660.0
2017-01-21,10.95,125310.0
2017-01-20,10.62,63550.0
2017-01-19,10.38,50640.0
2017-01-18,10.19,99390.0
2017-01-17,10.12,237840.0
2017-01-16,9.61,16030.0
2017-01-15,9.81,16890.0
2017-01-14,9.67,17440.0
2017-01-13,9.67,39760.0
2017-01-12,9.83,120950.0
2017-01-11,9.79,159090.0
2017-01-10,10.61,96970.0
2017-01-09,10.26,165980.0
2017-01-08,10.28,116550.0
2017-01-07,9.84,107330.0
2017-01-06,10.08,144690.0
2017-01-05,10.15,490640.0
2017-01-04,11.0,556250.0
2017-01-03,9.74,603420.0
2017-01-02,8.37,101270.0
2017-01-01,8.2,144920.0
2016-12-31,8.0,200240.0
2016-12-30,8.16,56740.0
2016-12-29,8.27,291600.0
2016-12-28,7.58,177260.0
2016-12-27,7.12,40800.0
2016-12-26,7.27,78870.0
2016-12-25,7.23,16440.0
2016-12-24,7.25,56770.0
2016-12-23,7.16,139040.0
2016-12-22,7.61,118350.0
2016-12-21,7.89,52440.0
2016-12-20,7.61,55330.0
2016-12-19,7.58,26010.0
2016-12-18,7.93,21500.0
2016-12-17,7.73,147340.0
2016-12-16,7.86,56480.0
2016-12-15,7.83,145040.0
2016-12-14,8.21,14710.0
2016-12-13,8.36,21600.0
2016-12-12,8.45,81630.0
2016-12-11,8.19,22610.0
2016-12-10,8.12,35850.0
2016-12-09,8.52,54710.0
2016-12-08,8.3,170040.0
2016-12-07,8.33,161040.0
2016-12-06,7.71,607540.0
2016-12-05,6.7,256000.0
2016-12-04,7.55,34390.0
2016-12-03,7.91,195760.0
2016-12-02,7.7,490140.0
2016-12-01,8.46,95250.0
2016-11-30,8.62,124270.0
2016-11-29,8.16,188400.0
2016-11-28,8.7,41960.0
2016-11-27,8.88,62340.0
2016-11-26,9.33,14110.0
2016-11-25,9.38,60920.0
2016-11-24,9.2,118310.0
2016-11-23,9.69,27920.0
2016-11-22,9.84,102990.0
2016-11-21,9.61,8650.0
2016-11-20,9.57,29010.0
2016-11-19,9.73,62930.0
2016-11-18,9.52,57230.0
2016-11-17,9.99,103190.0
2016-11-16,10.02,116690.0
2016-11-15,10.27,52590.0
2016-11-14,10.0,17170.0
2016-11-13,10.08,31680.0
2016-11-12,10.01,64350.0
2016-11-11,10.27,17380.0
2016-11-10,10.54,7610.0
2016-11-09,10.72,80200.0
2016-11-08,10.92,63480.0
2016-11-07,10.88,83630.0
2016-11-06,10.91,10860.0
2016-11-05,11.17,18150.0
2016-11-04,11.21,49910.0
2016-11-03,10.86,106820.0
2016-11-02,10.86,91370.0
2016-11-01,10.81,129670.0
2016-10-31,10.96,134670.0
2016-10-30,11.28,88770.0
2016-10-29,10.38,288190.0
2016-10-28,11.15,191960.0
2016-10-27,11.57,110490.0
2016-10-26,11.5,67670.0
2016-10-25,11.36,112860.0
2016-10-24,11.99,48140.0
2016-10-23,12.07,32340.0
2016-10-22,12.29,20750.0
2016-10-21,12.16,17730.0
2016-10-20,12.09,86200.0
2016-10-19,11.99,130470.0
2016-10-18,12.54,238070.0
2016-10-17,12.0,90210.0
2016-10-16,11.98,20470.0
2016-10-15,12.01,40420.0
2016-10-14,11.93,23540.0
2016-10-13,12.07,61290.0
2016-10-12,11.72,132180.0
2016-10-11,11.78,123360.0
2016-10-10,11.73,298650.0
2016-10-09,12.01,166940.0
2016-10-08,12.26,131490.0
2016-10-07,12.69,75190.0
2016-10-06,12.84,63150.0
2016-10-05,13.11,62140.0
2016-10-04,13.33,67870.0
2016-10-03,13.44,25570.0
2016-10-02,13.16,51870.0
2016-10-01,13.18,46900.0
2016-09-30,13.3,45490.0
2016-09-29,13.1,53460.0
2016-09-28,13.25,60210.0
2016-09-27,13.08,72700.0
2016-09-26,12.9,59600.0
2016-09-25,13.05,39820.0
2016-09-24,12.86,77540.0
2016-09-23,13.36,25350.0
2016-09-22,13.17,270590.0
2016-09-21,13.74,205500.0
2016-09-20,14.45,311670.0
2016-09-19,12.9,99470.0
2016-09-18,12.32,351070.0
2016-09-17,12.8,37370.0
2016-09-16,12.68,194020.0
2016-09-15,12.01,275080.0
2016-09-14,11.94,137280.0
2016-09-13,12.01,529700.0
2016-09-12,12.0,61670.0
2016-09-11,11.68,137760.0
2016-09-10,12.13,89500.0
2016-09-09,11.68,201860.0
2016-09-08,11.45,74770.0
2016-09-07,11.64,24160.0
2016-09-06,11.73,83930.0
2016-09-05,11.85,35550.0
2016-09-04,11.73,51040.0
2016-09-03,12.01,87380.0
2016-09-02,12.13,60240.0
2016-09-01,12.22,82450.0
2016-08-31,11.63,39510.0
2016-08-30,11.29,42080.0
2016-08-29,10.93,63320.0
2016-08-28,10.94,35300.0
2016-08-27,11.2,8960.0
2016-08-26,11.22,30150.0
2016-08-25,11.39,82800.0
2016-08-24,10.98,37430.0
2016-08-23,10.99,64410.0
2016-08-22,11.14,81730.0
2016-08-21,11.13,49470.0
2016-08-20,11.26,190530.0
2016-08-19,10.68,139950.0
2016-08-18,10.69,162110.0
2016-08-17,10.72,456390.0
2016-08-16,11.07,65950.0
2016-08-15,11.09,140550.0
2016-08-14,11.16,188630.0
2016-08-13,11.48,138260.0
2016-08-12,11.67,254560.0
2016-08-11,11.64,339860.0
2016-08-10,12.07,383910.0
2016-08-09,10.16,
2016-08-08,10.16,
2016-08-07,10.16,
2016-08-06,10.16,
2016-08-05,10.16,
2016-08-04,10.16,
2016-08-03,10.16,
2016-08-02,10.16,882660.0
2016-08-01,11.08,318870.0
2016-07-31,11.86,419360.0
2016-07-30,12.52,171500.0
2016-07-29,12.9,183460.0
2016-07-28,12.87,300440.0
2016-07-27,13.03,377970.0
2016-07-26,12.01,1360000.0
2016-07-25,13.8,742810.0
2016-07-24,12.65,1650000.0
2016-07-23,14.25,638420.0
2016-07-22,14.67,1570000.0
2016-07-21,12.55,534750.0
2016-07-20,12.48,1650000.0
2016-07-19,11.75,678520.0
2016-07-18,11.04,252340.0
2016-07-17,11.24,575470.0
2016-07-16,11.72,127930.0
2016-07-15,11.93,600620.0
2016-07-14,11.6,419070.0
2016-07-13,10.47,62850.0
2016-07-12,10.55,143680.0
2016-07-11,10.51,287840.0
2016-07-10,10.95,75850.0
2016-07-09,10.9,431160.0
2016-07-08,11.31,533970.0
2016-07-07,10.14,291460.0
2016-07-06,10.55,327600.0
2016-07-05,10.53,1120000.0
2016-07-04,11.42,147790.0
2016-07-03,11.78,196780.0
2016-07-02,12.14,86170.0
2016-07-01,12.35,302720.0
2016-06-30,12.5,213190.0
2016-06-29,12.77,427250.0
2016-06-28,12.22,896160.0
2016-06-27,13.96,135030.0
2016-06-26,13.75,213870.0
2016-06-25,14.31,262840.0
2016-06-24,14.29,551440.0
2016-06-23,13.75,521610.0
2016-06-22,13.25,1830000.0
2016-06-21,12.94,644710.0
2016-06-20,11.9,1110000.0
2016-06-19,12.43,1140000.0
2016-06-18,11.41,3040000.0
2016-06-17,15.61,4720000.0
2016-06-16,20.7,1020000.0
2016-06-15,18.45,365420.0
2016-06-14,18.73,1170000.0
2016-06-13,17.73,896990.0
2016-06-12,15.8,550470.0
2016-06-11,14.15,109420.0
2016-06-10,13.97,220150.0
2016-06-09,14.45,64980.0
2016-06-08,14.49,257010.0
2016-06-07,14.5,199890.0
2016-06-06,14.03,105550.0
2016-06-05,13.95,54660.0
2016-06-04,13.81,139120.0
2016-06-03,13.84,200810.0
2016-06-02,13.8,155530.0
2016-06-01,13.85,289630.0
2016-05-31,14.01,517980.0
2016-05-30,12.72,122980.0
2016-05-29,12.41,455110.0
2016-05-28,11.98,587070.0
2016-05-27,11.12,645840.0
2016-05-26,12.48,215640.0
2016-05-25,12.49,247580.0
2016-05-24,12.73,437470.0
2016-05-23,13.42,170090.0
2016-05-22,14.21,118190.0
2016-05-21,14.0,209030.0
2016-05-20,13.79,338690.0
2016-05-19,14.58,393140.0
2016-05-18,13.35,420070.0
2016-05-17,12.08,540970.0
2016-05-16,11.09,257210.0
2016-05-15,9.97,42730.0
2016-05-14,10.16,121860.0
2016-05-13,10.6,194280.0
2016-05-12,10.04,142190.0
2016-05-11,9.89,110310.0
2016-05-10,9.38,18320.0
2016-05-09,9.32,77290.0
2016-05-08,9.5,80090.0
2016-05-07,9.35,31390.0
2016-05-06,9.35,92420.0
2016-05-05,9.79,62440.0
2016-05-04,9.46,74700.0
2016-05-03,9.34,128320.0
2016-05-02,10.0,295380.0
2016-05-01,8.75,71990.0
2016-04-30,8.87,267970.0
2016-04-29,7.52,51160.0
2016-04-28,7.33,69400.0
2016-04-27,7.8,90460.0
2016-04-26,7.5,129270.0
2016-04-25,7.54,207060.0
2016-04-24,8.1,52060.0
2016-04-23,8.46,89570.0
2016-04-22,7.97,97370.0
2016-04-21,8.11,45520.0
2016-04-20,8.61,167710.0
2016-04-19,8.71,35260.0
2016-04-18,8.97,37880.0
2016-04-17,9.46,96050.0
2016-04-16,8.54,29260.0
2016-04-15,8.32,30480.0
2016-04-14,8.46,36150.0
2016-04-13,8.09,142210.0
2016-04-12,7.53,63820.0
2016-04-11,8.68,60280.0
2016-04-10,8.76,171990.0
2016-04-09,9.15,64960.0
2016-04-08,9.71,25970.0
2016-04-07,10.12,50740.0
2016-04-06,10.76,40040.0
2016-04-05,10.4,53390.0
2016-04-04,11.15,38740.0
2016-04-03,11.75,18850.0
2016-04-02,11.61,12170.0
2016-04-01,11.62,22200.0
2016-03-31,11.41,32670.0
2016-03-30,11.85,36960.0
2016-03-29,11.79,47570.0
2016-03-28,11.62,77310.0
2016-03-27,10.4,55810.0
2016-03-26,11.0,16120.0
2016-03-25,10.67,87420.0
2016-03-24,11.2,50800.0
2016-03-23,12.43,27020.0
2016-03-22,11.37,26290.0
2016-03-21,11.95,38860.0
2016-03-20,10.18,33180.0
2016-03-19,10.31,67550.0
2016-03-18,10.74,157370.0
2016-03-17,10.74,89450.0
2016-03-16,12.88,19240.0
2016-03-15,13.06,39730.0
2016-03-14,12.5,92180.0
2016-03-13,15.07,1300.0
2016-03-12,12.92,830.0
2016-03-11,11.95,180.0
2016-03-10,11.75,0.0
